House,Price,Ubication,Features,Total_Area_m^2,Built_Area_m^2,Bedrooms,Bathrooms,Parking,Property_for_sale,Age,Rooms,Storage,Number_of_floors,Type_of_house,Orientation,Maintenance,columnB,columnC
"Impecable Casa Tipo Colonial Con Alberca En Venta, En Jurica Queretaro",18950000,"Juriquilla, Querétaro, QuerétaroVer información de la zona","['Superficie total2,200 m²', 'Superficie construida750 m²', 'Recámaras4', 'Baños4', 'Estacionamientos10', 'Es propiedad en remateNo', 'Antigüedad0 años', 'Ambientes9', 'Bodegas0', 'Cantidad de pisos0', 'Tipo de casaCasa', 'OrientaciónNorte', 'Mantenimiento0 MXN']",['Superficie total2200 m²', 'Superficie construida750 m²', 'Recámaras4', 'Baños4', 'Estacionamientos10', 'Es propiedad en remateNo', 'Antigüedad0 años', 'Ambientes9', 'Bodegas0', 'Cantidad de pisos0', 'Tipo de casaCasa', 'OrientaciónNorte', 'Mantenimiento0 MXN'],,
Lujosa Y Moderna Casa En Venta Con Recámara En Planta Baja En El Campanario Quer,42500000,"El Campanario, Querétaro, QuerétaroVer información de la zona","['Superficie total1,500 m²', 'Superficie construida1 m²', 'Recámaras4', 'Baños4', 'Estacionamientos4', 'Es propiedad en remateNo', 'Antigüedad13 años', 'Ambientes9', 'Bodegas0', 'Mantenimiento0 MXN']",['Superficie total1500 m²', 'Superficie construida1 m²', 'Recámaras4', 'Baños4', 'Estacionamientos4', 'Es propiedad en remateNo', 'Antigüedad13 años', 'Ambientes9', 'Bodegas0', 'Mantenimiento0 MXN'],,,,,
Lujosa Y Moderna Casa En Venta Con Recámara En Planta Baja En El Campanario Quer,42500000,"El Campanario, Querétaro, QuerétaroVer información de la zona","['Superficie total1,500 m²', 'Superficie construida1 m²', 'Recámaras4', 'Baños4', 'Estacionamientos4', 'Es propiedad en remateNo', 'Antigüedad13 años', 'Ambientes9', 'Bodegas0', 'Cantidad de pisos0', 'Tipo de casaCasa', 'OrientaciónNorte', 'Mantenimiento0 MXN']",['Superficie total1500 m²', 'Superficie construida1 m²', 'Recámaras4', 'Baños4', 'Estacionamientos4', 'Es propiedad en remateNo', 'Antigüedad13 años', 'Ambientes9', 'Bodegas0', 'Cantidad de pisos0', 'Tipo de casaCasa', 'OrientaciónNorte', 'Mantenimiento0 MXN'],,
Casa En Condominio En Venta En Lomas Del Campanario,59900000,"Avenida Senda Mágica, Milenio III, Querétaro, QuerétaroVer información de la zona","['Superficie total1,281 m²', 'Superficie construida1,870 m²', 'Recámaras4', 'Baños4', 'Estacionamientos3', 'Es propiedad en remateNo', 'Antigüedad4 años', 'Ambientes5', 'Bodegas0', 'Cantidad de pisos0', 'Tipo de casaCasa', 'OrientaciónNorte']",['Superficie total1281 m²', 'Superficie construida1,870 m²', 'Recámaras4', 'Baños4', 'Estacionamientos3', 'Es propiedad en remateNo', 'Antigüedad4 años', 'Ambientes5', 'Bodegas0', 'Cantidad de pisos0', 'Tipo de casaCasa', 'OrientaciónNorte'],,
Casa Venta Mirador,3100000,"Residencial El Refugio, Querétaro, QuerétaroVer información de la zona","['Superficie total1,202 m²', 'Superficie construida209 m²', 'Recámaras3', 'Baños3', 'Estacionamientos5', 'Es propiedad en remateNo', 'Antigüedad0 años', 'Ambientes6', 'Bodegas0', 'Cantidad de pisos0', 'Tipo de casaCasa', 'OrientaciónNorte', 'Mantenimiento0 MXN']",['Superficie total1202 m²', 'Superficie construida209 m²', 'Recámaras3', 'Baños3', 'Estacionamientos5', 'Es propiedad en remateNo', 'Antigüedad0 años', 'Ambientes6', 'Bodegas0', 'Cantidad de pisos0', 'Tipo de casaCasa', 'OrientaciónNorte', 'Mantenimiento0 MXN'],,
" Vive En El Faro, Juriquilla: Tu Casa Ideal Te Espera!!!",4550000,"Fraccionamiento Real Del Marqués, Real del Marques Residencial, Querétaro, QuerétaroVer información de la zona","['Superficie total1,000 m²', 'Superficie construida600 m²', 'Recámaras3', 'Baños4', 'Estacionamientos5', 'Es propiedad en remateNo', 'Antigüedad26 años', 'Ambientes8', 'Bodegas0', 'Cantidad de pisos0', 'Tipo de casaCasa', 'OrientaciónNorte', 'Mantenimiento0 MXN']",['Superficie total1000 m²', 'Superficie construida600 m²', 'Recámaras3', 'Baños4', 'Estacionamientos5', 'Es propiedad en remateNo', 'Antigüedad26 años', 'Ambientes8', 'Bodegas0', 'Cantidad de pisos0', 'Tipo de casaCasa', 'OrientaciónNorte', 'Mantenimiento0 MXN'],,
"Casa En Venta En Los Robles Juriquilla, En San Isidro Juriquilla (maple)",8480000,"C. Cerro De La Soledad 45, Candiles, Querétaro, QuerétaroVer información de la zona","['Superficie total1,137 m²', 'Superficie construida899 m²', 'Recámaras4', 'Baños4', 'Estacionamientos0', 'Es propiedad en remateNo', 'Antigüedad7 años', 'Ambientes0', 'Bodegas0', 'Cantidad de pisos0', 'Tipo de casaDúplex', 'OrientaciónNorte', 'Tipo de propiedadCasa sola', 'Mantenimiento0 MXN']",['Superficie total1137 m²', 'Superficie construida899 m²', 'Recámaras4', 'Baños4', 'Estacionamientos0', 'Es propiedad en remateNo', 'Antigüedad7 años', 'Ambientes0', 'Bodegas0', 'Cantidad de pisos0', 'Tipo de casaDúplex', 'OrientaciónNorte', 'Tipo de propiedadCasa sola', 'Mantenimiento0 MXN'],
Casa Venta El Campanario Residencial,38000000,"El Campanario, Querétaro, QuerétaroVer información de la zona","['Superficie total1,250 m²', 'Superficie construida759 m²', 'Recámaras4', 'Baños4', 'Estacionamientos4', 'Es propiedad en remateNo', 'Antigüedad8 años', 'Ambientes13', 'Bodegas0', 'Cantidad de pisos0', 'Tipo de casaCasa', 'OrientaciónNorte', 'Mantenimiento0 MXN']",['Superficie total1250 m²', 'Superficie construida759 m²', 'Recámaras4', 'Baños4', 'Estacionamientos4', 'Es propiedad en remateNo', 'Antigüedad8 años', 'Ambientes13', 'Bodegas0', 'Cantidad de pisos0', 'Tipo de casaCasa', 'OrientaciónNorte', 'Mantenimiento0 MXN'],,
Rcv Casa En Venta Campanario,30000000,"Circuito Pizarra 622, San Isidro Juriquilla, Querétaro, Querétaro","['Superficie total1,275 m²', 'Superficie construida827 m²', 'Recámaras4', 'Baños4', 'Estacionamientos3', 'Es propiedad en remateNo', 'Antigüedad0 años', 'Ambientes9', 'Bodegas0', 'Cantidad de pisos0', 'Tipo de casaCasa', 'OrientaciónNorte', 'Mantenimiento0 MXN']",['Superficie total1275 m²', 'Superficie construida827 m²', 'Recámaras4', 'Baños4', 'Estacionamientos3', 'Es propiedad en remateNo', 'Antigüedad0 años', 'Ambientes9', 'Bodegas0', 'Cantidad de pisos0', 'Tipo de casaCasa', 'OrientaciónNorte', 'Mantenimiento0 MXN'],,
Hermoso Ranchito En Venta En Queretaro,19000000,"Santiago De Querétaro, Centro, Querétaro, QuerétaroVer información de la zona","['Superficie total80,000 m²', 'Superficie construida1 m²', 'Recámaras3', 'Baños2', 'Estacionamientos15', 'Es propiedad en remateNo', 'Antigüedad0 años', 'Ambientes6', 'Bodegas0', 'Mantenimiento0 MXN']",['Superficie total80000 m²', 'Superficie construida1 m²', 'Recámaras3', 'Baños2', 'Estacionamientos15', 'Es propiedad en remateNo', 'Antigüedad0 años', 'Ambientes6', 'Bodegas0', 'Mantenimiento0 MXN'],,,,,
"Casa En Venta En El Campanario, Querétaro",21760000,"Av Campanario, El Campanario, Querétaro, QuerétaroVer información de la zona","['Superficie total1,360 m²', 'Superficie construida480 m²', 'Recámaras4', 'Baños4', 'Estacionamientos0', 'Es propiedad en remateNo', 'Antigüedad15 años', 'Ambientes0', 'Bodegas0', 'Cantidad de pisos0', 'Tipo de casaDúplex', 'OrientaciónNorte', 'Tipo de propiedadCasa sola', 'Mantenimiento0 MXN']",['Superficie total1360 m²', 'Superficie construida480 m²', 'Recámaras4', 'Baños4', 'Estacionamientos0', 'Es propiedad en remateNo', 'Antigüedad15 años', 'Ambientes0', 'Bodegas0', 'Cantidad de pisos0', 'Tipo de casaDúplex', 'OrientaciónNorte', 'Tipo de propiedadCasa sola', 'Mantenimiento0 MXN'],
"Residencia Con Espectacular Vista Al Lago- Juriquilla, Querétaro",31980000,"Juriquilla, Querétaro, QuerétaroVer información de la zona","['Superficie total1,137 m²', 'Superficie construida900 m²', 'Recámaras4', 'Baños6', 'Estacionamientos6', 'Es propiedad en remateNo', 'Antigüedad0 años', 'Ambientes11', 'Bodegas0', 'Cantidad de pisos0', 'Tipo de casaCasa', 'OrientaciónNorte', 'Mantenimiento0 MXN']",['Superficie total1137 m²', 'Superficie construida900 m²', 'Recámaras4', 'Baños6', 'Estacionamientos6', 'Es propiedad en remateNo', 'Antigüedad0 años', 'Ambientes11', 'Bodegas0', 'Cantidad de pisos0', 'Tipo de casaCasa', 'OrientaciónNorte', 'Mantenimiento0 MXN'],,
El Refugio Casa En Venta,5950000,"Residencial El Refugio, Querétaro, QuerétaroVer información de la zona","['Superficie total1,250 m²', 'Superficie construida600 m²', 'Recámaras3', 'Baños3', 'Estacionamientos11', 'Es propiedad en remateNo', 'Antigüedad0 años', 'Ambientes7', 'Bodegas0', 'Cantidad de pisos0', 'Tipo de casaCasa', 'OrientaciónNorte', 'Mantenimiento0 MXN']",['Superficie total1250 m²', 'Superficie construida600 m²', 'Recámaras3', 'Baños3', 'Estacionamientos11', 'Es propiedad en remateNo', 'Antigüedad0 años', 'Ambientes7', 'Bodegas0', 'Cantidad de pisos0', 'Tipo de casaCasa', 'OrientaciónNorte', 'Mantenimiento0 MXN'],,
Casa En Venta Con Cuarto De Servicio En Santa Fe Juriquilla Queretaro,14500000,"Juriquilla, Querétaro, QuerétaroVer información de la zona","['Superficie total2,200 m²', 'Superficie construida600 m²', 'Recámaras4', 'Baños6', 'Estacionamientos0', 'Es propiedad en remateNo', 'Antigüedad36 años', 'Ambientes11', 'Bodegas0', 'Cantidad de pisos0', 'Tipo de casaCasa', 'OrientaciónNorte', 'Mantenimiento0 MXN']",['Superficie total2200 m²', 'Superficie construida600 m²', 'Recámaras4', 'Baños6', 'Estacionamientos0', 'Es propiedad en remateNo', 'Antigüedad36 años', 'Ambientes11', 'Bodegas0', 'Cantidad de pisos0', 'Tipo de casaCasa', 'OrientaciónNorte', 'Mantenimiento0 MXN'],,
Venta Casa Club Campestre,35000000,"Av Sta Catarina, Juriquilla, Querétaro, QuerétaroVer información de la zona","['Superficie total1,113 m²', 'Superficie construida790 m²', 'Recámaras6', 'Baños8', 'Estacionamientos8', 'Es propiedad en remateNo', 'Antigüedad34 años', 'Ambientes16', 'Bodegas0', 'Cantidad de pisos0', 'Tipo de casaCasa', 'OrientaciónNorte', 'Mantenimiento0 MXN']",['Superficie total1113 m²', 'Superficie construida790 m²', 'Recámaras6', 'Baños8', 'Estacionamientos8', 'Es propiedad en remateNo', 'Antigüedad34 años', 'Ambientes16', 'Bodegas0', 'Cantidad de pisos0', 'Tipo de casaCasa', 'OrientaciónNorte', 'Mantenimiento0 MXN'],,
Casa De Una Planta En Venta 1000 Metros De Terreno En Juriquilla Villas Del Mesón,9300000,"Cumbres Del Lago, Cumbres Del Lago, Querétaro, Querétaro","['Superficie total1,000 m²', 'Superficie construida350 m²', 'Recámaras3', 'Baños3', 'Estacionamientos0', 'Es propiedad en remateNo', 'Antigüedad15 años', 'Ambientes0', 'Bodegas0', 'Cantidad de pisos0', 'Tipo de casaDúplex', 'OrientaciónNorte', 'Tipo de propiedadCasa sola', 'Mantenimiento0 MXN']",['Superficie total1000 m²', 'Superficie construida350 m²', 'Recámaras3', 'Baños3', 'Estacionamientos0', 'Es propiedad en remateNo', 'Antigüedad15 años', 'Ambientes0', 'Bodegas0', 'Cantidad de pisos0', 'Tipo de casaDúplex', 'OrientaciónNorte', 'Tipo de propiedadCasa sola', 'Mantenimiento0 MXN'],
Casa En Venta En Colonia Cipreses A 8 Min De Hi - Lex Mexicana (av Peñuelas) 25-2085lp~,28600000,"Juan Rulfo 1851, Sonterra Residencial, Querétaro, Querétaro","['Superficie total1,250 m²', 'Superficie construida650 m²', 'Recámaras4', 'Baños6', 'Estacionamientos6', 'Es propiedad en remateNo', 'Antigüedad23 años', 'Bodegas0', 'Tipo de casaCasa', 'Mantenimiento0 MXN']",['Superficie total1250 m²', 'Superficie construida650 m²', 'Recámaras4', 'Baños6', 'Estacionamientos6', 'Es propiedad en remateNo', 'Antigüedad23 años', 'Bodegas0', 'Tipo de casaCasa', 'Mantenimiento0 MXN'],,,,,
Casa Venta Juriquilla San Isidro-ziburua,8900000,"Corregidora, Querétaro, QuerétaroVer información de la zona","['Superficie total1,000 m²', 'Superficie construida320 m²', 'Recámaras3', 'Baños3', 'Estacionamientos4', 'Es propiedad en remateNo', 'Antigüedad21 años', 'Ambientes7', 'Bodegas0', 'Cantidad de pisos0', 'Tipo de casaCasa', 'OrientaciónNorte', 'Mantenimiento0 MXN']",['Superficie total1000 m²', 'Superficie construida320 m²', 'Recámaras3', 'Baños3', 'Estacionamientos4', 'Es propiedad en remateNo', 'Antigüedad21 años', 'Ambientes7', 'Bodegas0', 'Cantidad de pisos0', 'Tipo de casaCasa', 'OrientaciónNorte', 'Mantenimiento0 MXN'],,
"Casa Libre De Gravamen En Zakia, Con 3 Recamaras Y Sala De Tv",13500000,"Orion, Santa María Magdalena, Querétaro, QuerétaroVer información de la zona","['Superficie total1,000 m²', 'Superficie construida346 m²', 'Recámaras3', 'Baños4', 'Estacionamientos0', 'Es propiedad en remateNo', 'Antigüedad0 años', 'Ambientes0', 'Bodegas0', 'Cantidad de pisos1', 'Tipo de casaDúplex', 'OrientaciónNorte', 'Tipo de propiedadCasa sola', 'Mantenimiento0 MXN']",['Superficie total1000 m²', 'Superficie construida346 m²', 'Recámaras3', 'Baños4', 'Estacionamientos0', 'Es propiedad en remateNo', 'Antigüedad0 años', 'Ambientes0', 'Bodegas0', 'Cantidad de pisos1', 'Tipo de casaDúplex', 'OrientaciónNorte', 'Tipo de propiedadCasa sola', 'Mantenimiento0 MXN'],
"Exclusiva Casa En Privada Boutique De Solo 51 Casas Nuevo Refugio, Querétaro! Am",24900000,"Ansar 1200 - 1500, Residencial El Refugio, Querétaro, QuerétaroVer información de la zona","['Superficie total1,000 m²', 'Superficie construida675 m²', 'Recámaras4', 'Baños6', 'Estacionamientos6', 'Es propiedad en remateNo', 'Antigüedad12 años', 'Bodegas0', 'Tipo de casaCasa', 'Mantenimiento0 MXN']",['Superficie total1000 m²', 'Superficie construida675 m²', 'Recámaras4', 'Baños6', 'Estacionamientos6', 'Es propiedad en remateNo', 'Antigüedad12 años', 'Bodegas0', 'Tipo de casaCasa', 'Mantenimiento0 MXN'],,,,,
"Excelente Oportunidad, Casa En Venta En Viñedos, Queretaro",638927,"Villa De San Gabriel 104, Santiago, Querétaro, QuerétaroVer información de la zona","['Superficie total1,250 m²', 'Superficie construida350 m²', 'Recámaras4', 'Baños4', 'Estacionamientos10', 'Es propiedad en remateNo', 'Antigüedad10 años', 'Ambientes0', 'Bodegas2', 'Cantidad de pisos2', 'Tipo de casaCasa', 'OrientaciónOriente', 'Mantenimiento3,000 MXN']",['Superficie total1250 m²', 'Superficie construida350 m²', 'Recámaras4', 'Baños4', 'Estacionamientos10', 'Es propiedad en remateNo', 'Antigüedad10 años', 'Ambientes0', 'Bodegas2', 'Cantidad de pisos2', 'Tipo de casaCasa', 'OrientaciónOriente', 'Mantenimiento3,000 MXN'],
Diseño Único Y Vanguardista- Juriquilla,12650000,"Juriquilla, Querétaro, QuerétaroVer información de la zona","['Superficie total1,000 m²', 'Superficie construida850 m²', 'Recámaras4', 'Baños4', 'Estacionamientos4', 'Propiedad en remateNo', 'Antigüedad0 años', 'Ambientes10', 'Bodegas0', 'Cantidad de pisos0', 'Tipo de casaCasa', 'OrientaciónNorte', 'Mantenimiento0 MXN']",['Superficie total1000 m²', 'Superficie construida850 m²', 'Recámaras4', 'Baños4', 'Estacionamientos4', 'Propiedad en remateNo', 'Antigüedad0 años', 'Ambientes10', 'Bodegas0', 'Cantidad de pisos0', 'Tipo de casaCasa', 'OrientaciónNorte', 'Mantenimiento0 MXN'],,
"Casas En Venta Gran Reserva Torre D Piedra, Qro. ",31700000,"Palma Datilera 106, El Salitre, Querétaro, QuerétaroVer información de la zona","['Superficie total1,230 m²', 'Superficie construida0 m²', 'Recámaras3', 'Baños4', 'Estacionamientos4', 'Propiedad en remateNo', 'Antigüedad0 años', 'Ambientes0', 'Bodegas1', 'Cantidad de pisos2', 'Tipo de casaCasa', 'OrientaciónNorte', 'Tipo de propiedadCasa sola', 'Mantenimiento1,200 MXN']",['Superficie total1230 m²', 'Superficie construida0 m²', 'Recámaras3', 'Baños4', 'Estacionamientos4', 'Propiedad en remateNo', 'Antigüedad0 años', 'Ambientes0', 'Bodegas1', 'Cantidad de pisos2', 'Tipo de casaCasa', 'OrientaciónNorte', 'Tipo de propiedadCasa sola', 'Mantenimiento1,200 MXN']
Casa En Venta En Fraccionamiento Jurica San Francisco,23800000,"Jurica San Francisco, San Francisco Juriquilla, Querétaro, QuerétaroVer información de la zona","['Superficie total1,125 m²', 'Superficie construida0 m²', 'Recámaras3', 'Baños4', 'Estacionamientos3', 'Propiedad en remateNo', 'Antigüedad0 años', 'Ambientes0', 'Bodegas1', 'Cantidad de pisos2', 'Tipo de casaCasa', 'Tipo de propiedadCasa sola', 'Mantenimiento0 MXN']",['Superficie total1125 m²', 'Superficie construida0 m²', 'Recámaras3', 'Baños4', 'Estacionamientos3', 'Propiedad en remateNo', 'Antigüedad0 años', 'Ambientes0', 'Bodegas1', 'Cantidad de pisos2', 'Tipo de casaCasa', 'Tipo de propiedadCasa sola', 'Mantenimiento0 MXN'],,
"Casa En Venta En Milenio, Nuevecita Con Roof Y Jardin!",59900000,"Milenio III, Querétaro, QuerétaroVer información de la zona","['Superficie total1,281 m²', 'Superficie construida1,870 m²', 'Recámaras4', 'Baños4', 'Estacionamientos3', 'Propiedad en remateNo', 'Antigüedad3 años', 'Ambientes11', 'Bodegas0', 'Cantidad de pisos0', 'Tipo de casaCasa', 'OrientaciónNorte', 'Mantenimiento0 MXN']",['Superficie total1281 m²', 'Superficie construida1,870 m²', 'Recámaras4', 'Baños4', 'Estacionamientos3', 'Propiedad en remateNo', 'Antigüedad3 años', 'Ambientes11', 'Bodegas0', 'Cantidad de pisos0', 'Tipo de casaCasa', 'OrientaciónNorte', 'Mantenimiento0 MXN'],
"Residencia En Venta En El Campanario, Diseño De Autor, Luxury Y Premium.",21760000,"El Campanario, Querétaro, QuerétaroVer información de la zona","['Superficie total1,360 m²', 'Superficie construida442 m²', 'Recámaras4', 'Baños4', 'Estacionamientos4', 'Propiedad en remateNo', 'Antigüedad0 años', 'Ambientes9', 'Bodegas0', 'Mantenimiento0 MXN']",['Superficie total1360 m²', 'Superficie construida442 m²', 'Recámaras4', 'Baños4', 'Estacionamientos4', 'Propiedad en remateNo', 'Antigüedad0 años', 'Ambientes9', 'Bodegas0', 'Mantenimiento0 MXN'],,,,,
"Se Vende Residencia En El Campanario. Terreno 1,250 M2, Ubicada En El Hoyo 1.",29900000,"El Campanario, Querétaro, QuerétaroVer información de la zona","['Superficie total1,250 m²', 'Superficie construida759 m²', 'Recámaras4', 'Baños4', 'Estacionamientos6', 'Propiedad en remateNo', 'Antigüedad0 años', 'Ambientes9', 'Bodegas0', 'Cantidad de pisos0', 'Tipo de casaCasa', 'OrientaciónNorte', 'Mantenimiento0 MXN']",['Superficie total1250 m²', 'Superficie construida759 m²', 'Recámaras4', 'Baños4', 'Estacionamientos6', 'Propiedad en remateNo', 'Antigüedad0 años', 'Ambientes9', 'Bodegas0', 'Cantidad de pisos0', 'Tipo de casaCasa', 'OrientaciónNorte', 'Mantenimiento0 MXN'],,
Casa Venta La Rica Juriquilla,18900000,"Juriquilla, Querétaro, Querétaro","['Superficie total2,131 m²', 'Superficie construida948 m²', 'Recámaras5', 'Baños5', 'Estacionamientos7', 'Propiedad en remateNo', 'Antigüedad12 años', 'Ambientes12', 'Bodegas0', 'Cantidad de pisos0', 'Tipo de casaCasa', 'OrientaciónNorte', 'Mantenimiento0 MXN']",['Superficie total2131 m²', 'Superficie construida948 m²', 'Recámaras5', 'Baños5', 'Estacionamientos7', 'Propiedad en remateNo', 'Antigüedad12 años', 'Ambientes12', 'Bodegas0', 'Cantidad de pisos0', 'Tipo de casaCasa', 'OrientaciónNorte', 'Mantenimiento0 MXN'],,
"Venta Casas 1 Piso (1,000m2) | Villas Del Meson | Qro76 | $9.2mdp",9200000,"Villas Del Mesón, Querétaro, QuerétaroVer información de la zona","['Superficie total1,000 m²', 'Superficie construida350 m²', 'Recámaras3', 'Baños3', 'Estacionamientos4', 'Propiedad en remateNo', 'Antigüedad24 años', 'Ambientes7', 'Bodegas0', 'Cantidad de pisos0', 'Tipo de casaCasa', 'OrientaciónNorte', 'Mantenimiento0 MXN']",['Superficie total1000 m²', 'Superficie construida350 m²', 'Recámaras3', 'Baños3', 'Estacionamientos4', 'Propiedad en remateNo', 'Antigüedad24 años', 'Ambientes7', 'Bodegas0', 'Cantidad de pisos0', 'Tipo de casaCasa', 'OrientaciónNorte', 'Mantenimiento0 MXN'],,
"Hermosas Casas En Juriquilla, 3 Recamras, 2.5 Baños, Alberca, Vanguardist",15000000,"Real De Juriquilla, Querétaro, Querétaro","['Superficie total1,170 m²', 'Superficie construida800 m²', 'Recámaras4', 'Baños5', 'Estacionamientos5', 'Propiedad en remateNo', 'Antigüedad0 años', 'Ambientes11', 'Bodegas0', 'Cantidad de pisos0', 'Tipo de casaCasa', 'OrientaciónNorte', 'Mantenimiento0 MXN']",['Superficie total1170 m²', 'Superficie construida800 m²', 'Recámaras4', 'Baños5', 'Estacionamientos5', 'Propiedad en remateNo', 'Antigüedad0 años', 'Ambientes11', 'Bodegas0', 'Cantidad de pisos0', 'Tipo de casaCasa', 'OrientaciónNorte', 'Mantenimiento0 MXN'],,
"Casa En Venta, El Cimatario, Qro.",761000,"Cimatario, Querétaro, QuerétaroVer información de la zona","['Superficie total1,000 m²', 'Superficie construida250 m²', 'Recámaras3', 'Baños3', 'Estacionamientos7', 'Propiedad en remateNo', 'Antigüedad0 años', 'Ambientes7', 'Bodegas0', 'Cantidad de pisos0', 'Tipo de casaCasa', 'OrientaciónNorte', 'Mantenimiento0 MXN']",['Superficie total1000 m²', 'Superficie construida250 m²', 'Recámaras3', 'Baños3', 'Estacionamientos7', 'Propiedad en remateNo', 'Antigüedad0 años', 'Ambientes7', 'Bodegas0', 'Cantidad de pisos0', 'Tipo de casaCasa', 'OrientaciónNorte', 'Mantenimiento0 MXN'],,
Casa En Venta En Villas Del Meson Juriquilla,9900000,"Villas Del Mesón, Juriquilla, Querétaro, México, Juriquilla, Querétaro, QuerétaroVer información de la zona","['Superficie total1,000 m²', 'Superficie construida450 m²', 'Recámaras3', 'Baños3', 'Estacionamientos2', 'Propiedad en remateNo', 'Cantidad de pisos2']",['Superficie total1000 m²', 'Superficie construida450 m²', 'Recámaras3', 'Baños3', 'Estacionamientos2', 'Propiedad en remateNo', 'Cantidad de pisos2'],,,,,,,,
Casa En Venta Uso De Suelo Mixto En Felipe Carrillo Puerto Magnífica Ubicación,5000000,"Felipe Carrillo Puerto, Querétaro, QuerétaroVer información de la zona","['Superficie total1,056 m²', 'Superficie construida453 m²', 'Recámaras3', 'Baños3', 'Estacionamientos1', 'Propiedad en remateNo', 'Antigüedad36 años', 'Ambientes7', 'Bodegas0', 'Cantidad de pisos0', 'Tipo de casaCasa', 'OrientaciónNorte', 'Mantenimiento0 MXN']",['Superficie total1056 m²', 'Superficie construida453 m²', 'Recámaras3', 'Baños3', 'Estacionamientos1', 'Propiedad en remateNo', 'Antigüedad36 años', 'Ambientes7', 'Bodegas0', 'Cantidad de pisos0', 'Tipo de casaCasa', 'OrientaciónNorte', 'Mantenimiento0 MXN'],,
"Casa En Cumbres Del Lago, Alberca Privada, Jardín, Terreno De 323 M2, Lujo",12000000,"Cumbres Del Lago, Querétaro, QuerétaroVer información de la zona","['Superficie total1,000 m²', 'Superficie construida420 m²', 'Recámaras3', 'Baños5', 'Estacionamientos6', 'Propiedad en remateNo', 'Antigüedad0 años', 'Ambientes9', 'Bodegas0', 'Cantidad de pisos0', 'Tipo de casaCasa', 'OrientaciónNorte', 'Mantenimiento0 MXN']",['Superficie total1000 m²', 'Superficie construida420 m²', 'Recámaras3', 'Baños5', 'Estacionamientos6', 'Propiedad en remateNo', 'Antigüedad0 años', 'Ambientes9', 'Bodegas0', 'Cantidad de pisos0', 'Tipo de casaCasa', 'OrientaciónNorte', 'Mantenimiento0 MXN'],,
Casa En Pre Venta En La Espiga Residencial.,5700000,"Fray Junípero Serra, Querétaro, QuerétaroVer información de la zona","['Superficie total32,437 m²', 'Superficie construida32,437 m²', 'Recámaras3', 'Baños3', 'Estacionamientos4', 'Propiedad en remateNo', 'Antigüedad2 años', 'Ambientes10', 'Bodegas1', 'Cantidad de pisos2', 'Tipo de casaCasa', 'Mantenimiento600 MXN']",['Superficie total32437 m²', 'Superficie construida32,437 m²', 'Recámaras3', 'Baños3', 'Estacionamientos4', 'Propiedad en remateNo', 'Antigüedad2 años', 'Ambientes10', 'Bodegas1', 'Cantidad de pisos2', 'Tipo de casaCasa', 'Mantenimiento600 MXN'],,
Casa En Venta Cerca De Plaza Antea,21500000,"Juriquilla, Querétaro, QuerétaroVer información de la zona","['Superficie total1,250 m²', 'Superficie construida948.36 m²', 'Recámaras4', 'Baños5', 'Estacionamientos4', 'Propiedad en remateNo', 'Antigüedad11 años', 'Cantidad de pisos3', 'Tipo de casaCasa', 'Mantenimiento0 MXN']",['Superficie total1250 m²', 'Superficie construida948.36 m²', 'Recámaras4', 'Baños5', 'Estacionamientos4', 'Propiedad en remateNo', 'Antigüedad11 años', 'Cantidad de pisos3', 'Tipo de casaCasa', 'Mantenimiento0 MXN'],,,,,
"Casas En Venta En Campanario Norte, 3 Recamaras, 4.5 Baños, Bar, Lujo..",12780000,"El Campanario, Querétaro, QuerétaroVer información de la zona","['Superficie total1,001 m²', 'Superficie construida501 m²', 'Recámaras3', 'Baños5', 'Estacionamientos8', 'Propiedad en remateNo', 'Antigüedad0 años', 'Ambientes8', 'Bodegas0', 'Cantidad de pisos0', 'Tipo de casaCasa', 'OrientaciónNorte', 'Mantenimiento0 MXN']",['Superficie total1001 m²', 'Superficie construida501 m²', 'Recámaras3', 'Baños5', 'Estacionamientos8', 'Propiedad en remateNo', 'Antigüedad0 años', 'Ambientes8', 'Bodegas0', 'Cantidad de pisos0', 'Tipo de casaCasa', 'OrientaciónNorte', 'Mantenimiento0 MXN'],,
"En Venta Residencia En San Francisco Juriquilla De 1,000 M2 De Super Lujo !",10800000,"Juriquilla, Querétaro, QuerétaroVer información de la zona","['Superficie total1,000 m²', 'Superficie construida525 m²', 'Recámaras4', 'Baños3', 'Estacionamientos6', 'Propiedad en remateNo', 'Antigüedad0 años', 'Ambientes8', 'Bodegas0', 'Cantidad de pisos0', 'Tipo de casaCasa', 'OrientaciónNorte', 'Mantenimiento0 MXN']",['Superficie total1000 m²', 'Superficie construida525 m²', 'Recámaras4', 'Baños3', 'Estacionamientos6', 'Propiedad en remateNo', 'Antigüedad0 años', 'Ambientes8', 'Bodegas0', 'Cantidad de pisos0', 'Tipo de casaCasa', 'OrientaciónNorte', 'Mantenimiento0 MXN'],,
"En Venta Residencia En El Campanario. Terreno 1,250 M2, Ubicada En El Hoyo 1.",29900000,"El Campanario, Querétaro, QuerétaroVer información de la zona","['Superficie total1,253 m²', 'Superficie construida762 m²', 'Recámaras4', 'Baños4', 'Estacionamientos6', 'Propiedad en remateNo', 'Antigüedad0 años', 'Ambientes9', 'Bodegas0', 'Cantidad de pisos0', 'Tipo de casaCasa', 'OrientaciónNorte', 'Mantenimiento0 MXN']",['Superficie total1253 m²', 'Superficie construida762 m²', 'Recámaras4', 'Baños4', 'Estacionamientos6', 'Propiedad en remateNo', 'Antigüedad0 años', 'Ambientes9', 'Bodegas0', 'Cantidad de pisos0', 'Tipo de casaCasa', 'OrientaciónNorte', 'Mantenimiento0 MXN'],,
Casa Nueva En Venta 4 Recamaras 1 En Planta Baja Preserve Juriquilla Queretaro,30000000,"Juriquilla, Querétaro, Querétaro","['Superficie total2,500 m²', 'Superficie construida2,300 m²', 'Recámaras4', 'Baños9', 'Estacionamientos10', 'Propiedad en remateNo', 'Antigüedad0 años', 'Ambientes13', 'Bodegas0', 'Cantidad de pisos0', 'Tipo de casaCasa', 'OrientaciónNorte', 'Mantenimiento0 MXN']",['Superficie total2500 m²', 'Superficie construida2,300 m²', 'Recámaras4', 'Baños9', 'Estacionamientos10', 'Propiedad en remateNo', 'Antigüedad0 años', 'Ambientes13', 'Bodegas0', 'Cantidad de pisos0', 'Tipo de casaCasa', 'OrientaciónNorte', 'Mantenimiento0 MXN'],
Linda Casa En Venta En Juriquilla Con Alberca Y Celdas Solares.,42800000,"Villas Del Mesón, Querétaro, QuerétaroVer información de la zona","['Superficie total2,542 m²', 'Superficie construida1,200 m²', 'Recámaras4', 'Baños4', 'Estacionamientos8', 'Propiedad en remateNo', 'Antigüedad25 años', 'Ambientes9', 'Bodegas0', 'Cantidad de pisos0', 'Tipo de casaCasa', 'OrientaciónNorte', 'Mantenimiento0 MXN']",['Superficie total2542 m²', 'Superficie construida1,200 m²', 'Recámaras4', 'Baños4', 'Estacionamientos8', 'Propiedad en remateNo', 'Antigüedad25 años', 'Ambientes9', 'Bodegas0', 'Cantidad de pisos0', 'Tipo de casaCasa', 'OrientaciónNorte', 'Mantenimiento0 MXN'],
"Casa En Venta En Santa Fe Juriquilla, Gran Ubicación, 4 Recámaras, Roof Garden",9980000,"Juriquilla Santa Fe, Querétaro, QuerétaroVer información de la zona","['Superficie total1,500 m²', 'Superficie construida850 m²', 'Recámaras5', 'Baños6', 'Estacionamientos5', 'Propiedad en remateNo', 'Antigüedad0 años', 'Ambientes11', 'Bodegas0', 'Cantidad de pisos0', 'Tipo de casaCasa', 'OrientaciónNorte', 'Mantenimiento0 MXN']",['Superficie total1500 m²', 'Superficie construida850 m²', 'Recámaras5', 'Baños6', 'Estacionamientos5', 'Propiedad en remateNo', 'Antigüedad0 años', 'Ambientes11', 'Bodegas0', 'Cantidad de pisos0', 'Tipo de casaCasa', 'OrientaciónNorte', 'Mantenimiento0 MXN'],,
Casa Venta Huertas La Joya,29500000,"Cto Del Sol 1 - 300, Candiles, Querétaro, QuerétaroVer información de la zona","['Superficie total19,000 m²', 'Superficie construida3,229 m²', 'Recámaras3', 'Baños4', 'Estacionamientos0', 'Es propiedad en remateNo', 'Antigüedad0 años', 'Ambientes7', 'Bodegas0', 'Cantidad de pisos0', 'Tipo de casaCasa', 'OrientaciónNorte', 'Mantenimiento0 MXN']",['Superficie total19000 m²', 'Superficie construida3,229 m²', 'Recámaras3', 'Baños4', 'Estacionamientos0', 'Es propiedad en remateNo', 'Antigüedad0 años', 'Ambientes7', 'Bodegas0', 'Cantidad de pisos0', 'Tipo de casaCasa', 'OrientaciónNorte', 'Mantenimiento0 MXN'],
