Price,Ubication,Total_Area_m^2,Built_Area_m^2,Bedrooms,Bathrooms,Parking,Neighborhood
5650000,Juriquilla,286,314,4,5,2,JURIQUILLA
1595000,Casa En Venta En Las Haciendas En Ciudad Del Sol,69,0,3,1,1,CIUDAD DEL SOL
11190000,Casa En Venta En Altozano,370,0,4,4,3,ALTOZANO
790000,"Blvd. Dolores Del Rio, La Joya",150,195,3,3,2,LA JOYA
849000,"Lago Eslabon 101, Cumbres Del Lago, Juriquilla, Cumbres Del Lago",400,400,5,4,4,JURIQUILLA
849000,"Cerro El Divisadero 101, Privada Juriquilla, Santa Rosa Jauregui, Santa Rosa De Jauregui",330,330,4,3,2,SANTA ROSA DE JAUREGUI
749000,"Lago De Chapala 110, Cumbres Del Lago, Juriquilla, Cumbres Del Lago",310,310,4,3,2,JURIQUILLA
849000,"Hacienda Montenegro 113, Villas Del Meson, Juriquilla, Villas Del Meson",560,560,4,3,3,VILLAS DEL MESON
849000,"Senda Del Rocio 24, Milenio Iii, , Milenio III",130,130,3,2,2,MILENIO III
849000,"Lago Chacamax 125, Cumbres Del Lago, Juriquilla, Cumbres Del Lago",350,350,4,4,3,JURIQUILLA
607929,"P.º Cta. Bonita 70, Cuesta Bonita",100,130,3,3,2,CUESTA BONITA
3350000,"Av. Los Portones 1105, Alenas, Juriquilla, Valle de Juriquilla",128,168,4,4,2,VALLE DE JURIQUILLA
8725000,Fray Junipero Serra,272,323,4,5,3,FRAY JUNIPERO SERRA
10790000,La Vista Residencial,300,390,3,5,3,LA VISTA RESIDENCIAL
7000000,La Vista Residencial,300,300,3,5,3,LA VISTA RESIDENCIAL
10500000,Juriquilla,251,334,4,5,3,JURIQUILLA
11450000,Fray Junipero Serra,361,361,3,5,3,FRAY JUNIPERO SERRA
1849000,Ciudad del Sol,112,112,3,2,2,CIUDAD DEL SOL
4100000,Juriquilla,211,161,3,2,2,JURIQUILLA
4945000,Juriquilla Santa Fe,162,255,3,5,2,SANTA FE
4850000,"Real De Juriquilla (Paisano), Queretaro, Queretaro",160,255,4,4,2,REAL DE JURIQUILLA (PAISANO)
6435000,Cumbres del Cimatario,206,263,4,4,3,CIMATARIO
4500000,Paseos Del Pedregal,302,304,4,3,3,PASEOS DEL PEDREGAL
6500000,Juriquilla,280,320,3,4,4,JURIQUILLA
11190000,Lomas de Juriquilla,300,370,3,5,3,LOMAS DE JURIQUILLA
5980000,La Vista Residencial,250,286,3,4,3,LA VISTA RESIDENCIAL
6000000,Juriquilla,250,264,4,4,3,JURIQUILLA
12390000,Paseos Del Pedregal,310,405,3,5,3,PASEOS DEL PEDREGAL
10500000,El Campanario,512,366,3,3,3,EL CAMPANARIO
7040000,Paseos Del Pedregal,200,270,3,3,2,PASEOS DEL PEDREGAL
11200000,El Campanario,300,350,4,5,3,EL CAMPANARIO
7399000,"Cumbres Del Lago, Queretaro, Queretaro",200,272,3,4,3,CUMBRES DEL LAGO
4250000,Residencial El Refugio,122,177,3,3,2,EL REFUGIO
10500000,Residencial El Refugio,300,505,3,4,3,EL REFUGIO
4250000,El Campanario,146,193,3,3,2,EL CAMPANARIO
4990000,Milenio III,164,200,3,3,2,MILENIO III
19000000,Milenio III,723,652,5,6,8,MILENIO III
5150000,Paseos Del Pedregal,200,213,3,3,3,PASEOS DEL PEDREGAL
4750000,El Campanario,162,212,3,4,2,EL CAMPANARIO
7050000,"Nuevo Juriquilla, Queretaro, Queretaro",211,275,3,2,3,NUEVO JURIQUILLA
8162000,Residencial El Refugio,235,274,3,5,3,EL REFUGIO
3300000,"Covelina 3, 76269 Zibata, Qro., Mexico, Zibata, Queretaro, Queretaro",141,162,3,2,2,QUERETARO
3150000,Paseos Del Pedregal,144,160,3,2,2,PASEOS DEL PEDREGAL
5895000,"C. Del Creston 235, Satelite, 76110 , Qro., Mexico, Satelite",174,221,4,5,3,SATELITE
6750000,Anahuac,180,223,3,4,2,ANAHUAC
5895000,Residencial El Refugio,174,221,4,4,3,EL REFUGIO
2350000,Residencial El Refugio,165,217,5,3,1,EL REFUGIO
2577320,Paseos Del Pedregal,120,120,3,2,2,PASEOS DEL PEDREGAL
3643000,El Campanario,135,182,3,3,2,EL CAMPANARIO
3900000,El Marques,170,274,4,3,2,EL MARQUES
5950000,Paseos Del Pedregal,184,223,3,5,2,PASEOS DEL PEDREGAL
3300000,"Juriquilla, Queretaro, Queretaro",108,117,4,3,2,JURIQUILLA
2835000,Residencial El Refugio,138,128,3,2,2,EL REFUGIO
2900000,"Juriquilla, Queretaro, Queretaro",128,198,3,4,2,JURIQUILLA
2590000,El Campanario,128,120,3,2,2,EL CAMPANARIO
18000000,"Puerta La Vista, La Vista Residencial",800,634,4,4,6,LA VISTA RESIDENCIAL
8200000,El Marques Queretano,293,300,3,3,3,EL MARQUES QUERETANO
3300000,Juriquilla,108,106,3,2,2,JURIQUILLA
3500000,Paseos Del Pedregal,166,250,4,4,3,PASEOS DEL PEDREGAL
5899000,Paseos Del Pedregal,200,276,4,4,3,PASEOS DEL PEDREGAL
7977000,"Juriquilla, Queretaro, Queretaro",250,273,4,6,3,JURIQUILLA
3550000,"Del Cimatario 25, Villas Del Cimatario, Constelacion, 76087 , Qro., Mexico, Villas Del Cimatario",170,191,3,2,2,VILLAS DEL CIMATARIO
2650000,"Anillo Vial Fray Junipero Serra 2080, Valle De Juriquilla Ii, 76230 Juriquilla, Qro., Mexico, Juriquilla Santa Fe",90,180,3,3,2,VALLE DE JURIQUILLA
4300000,El Marques,300,245,3,3,3,EL MARQUES
3300000,"Juriquilla, Queretaro, Queretaro",155,190,3,3,2,JURIQUILLA
3300000,Juriquilla,149,165,3,2,2,JURIQUILLA
6600000,El Campanario,250,320,3,4,3,EL CAMPANARIO
4150000,Centro Sur,120,174,3,2,2,CENTRO SUR
3280000,"Ermita 13_l88, Alamos 2da Secc, 76160 , Qro., Mexico, Alamos 2a Secc",180,124,3,2,2,ALAMOS 2
9500000,Alamos 3a Seccion,300,425,4,5,3,ALAMOS 3
6750000,Cumbres del Cimatario,358,332,3,3,3,CIMATARIO
7600000,"Residencial Mallorca, Cimatario",301,441,4,4,3,CIMATARIO
7950000,"Anillo Vial Fray Junipero Serra, Altozano el Nuevo Queretaro",360,360,3,3,3,FRAY JUNIPERO SERRA
6750000,"Juriquilla, Queretaro, Queretaro",180,228,3,4,2,JURIQUILLA
3250000,"Ciudad Meseta, Queretaro, Queretaro",152,167,3,2,3,QUERETARO
2750000,Residencial El Refugio,124,144,3,2,2,EL REFUGIO
4790000,Residencial El Refugio,160,272,4,4,3,EL REFUGIO
5390000,El Campanario,160,272,4,4,3,EL CAMPANARIO
3300000,"Juriquilla, Queretaro, Queretaro",275,284,4,4,3,JURIQUILLA
3300000,"Juriquilla, Queretaro, Queretaro",132,170,3,4,2,JURIQUILLA
3400000,Juriquilla,170,178,3,2,2,JURIQUILLA
3500000,"Juriquilla, Queretaro, Queretaro",160,245,4,4,2,JURIQUILLA
4300000,"Ave Portones Sn, Juriquilla",213,235,3,3,2,JURIQUILLA
6190000,"Privada Cascada De Agua Azul  199, Real De Juriquilla, Queretaro, Queretaro",250,250,4,5,2,REAL DE JURIQUILLA
5550000,Residencial El Refugio,250,296,4,6,2,EL REFUGIO
4950000,Juriquilla,240,300,3,5,3,JURIQUILLA
3351753,"Juriquilla, Queretaro, Queretaro",116,106,3,2,2,JURIQUILLA
4500000,"Real De Juriquilla, Queretaro, Queretaro",178,189,4,4,3,REAL DE JURIQUILLA
2800000,"Juriquilla, Queretaro, Queretaro",130,159,3,2,2,JURIQUILLA
3300000,"Oax 122, San Pablo",189,174,3,2,2,SAN PABLO
5890000,"Av. Los Portones, Juriquilla, Juriquilla Santa Fe",300,265,4,4,3,SANTA FE
3300000,"Juriquilla, Queretaro, Queretaro",104,260,1,2,2,JURIQUILLA
3780000,Centro,200,115,2,3,3,CENTRO
749000,"Juriquilla, Juriquilla",449,449,4,3,3,JURIQUILLA
2800000,Residencial El Refugio,91,147,3,2,2,EL REFUGIO
3300000,El Marques,142,126,3,2,3,EL MARQUES
4900000,Juriquilla,191,198,4,2,3,JURIQUILLA
3300000,"Juriquilla, Queretaro, Queretaro",165,200,4,4,3,JURIQUILLA
4200000,Residencial El Refugio,165,188,4,4,3,EL REFUGIO
3800000,El Mirador,231,193,3,2,2,EL MIRADOR
3300000,"Juriquilla, Queretaro, Queretaro",160,240,4,4,2,JURIQUILLA
3300000,"Juriquilla, Queretaro, Queretaro",145,121,3,2,2,JURIQUILLA
3750000,Residencial El Refugio,123,223,3,2,2,EL REFUGIO
3690000,Residencial El Refugio,128,166,3,2,2,EL REFUGIO
2385000,"Fracc. Sonterra, Queretaro, Queretaro",107,163,3,2,2,SONTERRA
3300000,El Marques Queretano,108,92,3,2,2,EL MARQUES QUERETANO
3300000,"Juriquilla, Queretaro, Queretaro",128,118,3,2,2,JURIQUILLA
1413200,"Lago Yalahan 237, Cumbres Del Lago",250,320,4,3,2,CUMBRES DEL LAGO
26500000,El Campanario,725,564,4,5,7,EL CAMPANARIO
7750000,La Vista Residencial,183,250,3,4,2,LA VISTA RESIDENCIAL
21800000,Paseos Del Pedregal,556,522,4,5,4,PASEOS DEL PEDREGAL
12600000,Paseos Del Pedregal,303,372,3,3,3,PASEOS DEL PEDREGAL
4950000,La Vista Residencial,180,215,3,3,2,LA VISTA RESIDENCIAL
5772000,Juriquilla,225,248,4,4,3,JURIQUILLA
11790000,Paseos Del Pedregal,264,343,4,5,3,PASEOS DEL PEDREGAL
9300000,La Vista Residencial,246,374,4,6,3,LA VISTA RESIDENCIAL
3850000,Calesa 2a Seccion,160,188,4,2,3,CALESA 2A SECCION
4750000,"Casa En Venta En Los Robles Zibata Ii (casa Encino), Queretaro, Queretaro",182,0,3,3,2,LOS ROBLES
17950000,Alamos 1a Seccion,538,900,4,5,2,ALAMOS 1
4975000,Juriquilla,264,239,3,3,2,JURIQUILLA
7800000,"Casa En Venta En Cumbres Del Lago Juriquilla (nueva)., Cumbres Del Lago, Queretaro, Queretaro",480,0,4,4,6,JURIQUILLA
21800000,Casa En Venta En Altozano,556,0,4,4,4,ALTOZANO
12390000,"Casa En Venta En La Vista Residencial, La Vista Residencial",405,0,4,4,3,LA VISTA RESIDENCIAL
11790000,Casa En Venta En Altozano En Condominio Fogata,343,0,4,4,3,ALTOZANO
3000000,Fray Junipero Serra,185,134,3,2,2,FRAY JUNIPERO SERRA
4900000,"Casa En Venta En Los Robles Zibata Ii (casa Olivo), Queretaro, Queretaro",189,0,4,3,2,LOS ROBLES
5550000,Cumbres Del Lago,312,323,3,4,0,CUMBRES DEL LAGO
5900000,Corregidora,200,297,3,2,3,CORREGIDORA
22000000,Casa En Venta En Centro Queretaro Gis 25-704,751,751,5,4,7,CENTRO
3400000,Cuesta Bonita,187,240,3,3,2,CUESTA BONITA
5650000,La Condesa,285,317,4,4,3,LA CONDESA
3300000,"Paso De Los Toros 1481, El Refugio, , El Refugio Residencial",178,178,3,2,2,EL REFUGIO
3300000,"Sendero De La Espuela 27, Lomas De Carretas",130,240,4,4,2,CARRETAS
4999999,"Cumbres Del Lago, Queretaro, Queretaro",300,330,3,4,3,CUMBRES DEL LAGO
974000,"Parque Cimatario, El Garambullo",102,102,3,2,2,CIMATARIO
974001,"Garambullo, Valle De Santiago, , Santiago",102,102,3,2,2,VALLE DE SANTIAGO
849000,"Lago Chacamax 110, Cumbres Del Lago, Juriquilla, Cumbres Del Lago",360,360,4,4,3,JURIQUILLA
849000,"Lago Yalahan 240, Cumbres Del Lago, Juriquilla, Cumbres Del Lago",340,340,4,4,4,JURIQUILLA
849000,"Lago Yalahan 198, Cumbres Del Lago, Juriquilla, Cumbres Del Lago",360,360,3,2,2,JURIQUILLA
849000,"De La Mesa 205, Villas Del Meson, Juriquilla, Villas Del Meson",300,300,4,3,3,VILLAS DEL MESON
3300000,"Juriquilla, Queretaro, Queretaro",147,144,3,2,2,JURIQUILLA
16150000,Paseos Del Pedregal,479,403,4,5,3,PASEOS DEL PEDREGAL
11790000,"Montes Blancos, Cumbres De Juriquilla, Juriquilla",264,343,4,4,3,JURIQUILLA
3000000,"1a Cda. De Altozano, Altozano el Nuevo Queretaro",126,147,3,2,0,ALTOZANO
10120000,Paseos Del Pedregal,300,370,3,4,3,PASEOS DEL PEDREGAL
13750000,Fray Junipero Serra,465,425,4,3,3,FRAY JUNIPERO SERRA
8750000,"Lago Yuriria 303, Cumbres Del Lago, Juriquilla, Cumbres Del Lago",323,277,4,5,4,JURIQUILLA
849000,"Blvrd Peña Flor, Ciudad Del Sol, , Ciudad del Sol",340,340,4,4,2,CIUDAD DEL SOL
1350000,"Lago Cuitzeo 202, Cumbres Del Lago, Juriquilla, Cumbres Del Lago, Queretaro, Queretaro",75,75,3,2,2,JURIQUILLA
749000,"Lago Patzcuaro, Cumbres Del Lago, Juriquilla, Juriquilla, Queretaro, Queretaro",317,317,4,3,2,JURIQUILLA
1350000,", Ciudad del Sol",317,300,3,1,2,CIUDAD DEL SOL
1350000,"Av. Mirador De Las Ranas, El Mirador, El Mirador",75,75,3,2,1,EL MIRADOR
1900000,"Calz. De Belen, San Jose El Alto, San Jose El Alto",123,123,3,1,1,SAN JOSE EL ALTO
930000,Paseos Del Pedregal,117,117,3,1,1,PASEOS DEL PEDREGAL
5970000,Milenio III,180,220,4,4,2,MILENIO III
4400000,Residencial El Refugio,198,274,5,4,2,EL REFUGIO
2700000,Milenio III,113,127,3,2,2,MILENIO III
4500000,Paseos Del Pedregal,232,192,2,3,2,PASEOS DEL PEDREGAL
11790000,"Anillo Vial Fray Junipero Serra, , Altozano el Nuevo Queretaro",264,343,4,4,3,FRAY JUNIPERO SERRA
6750000,El Mirador,235,185,3,4,2,EL MIRADOR
3850000,El Marques,128,174,4,3,2,EL MARQUES
3300000,"Limba, Galindas Residencial, Queretaro, Queretaro",113,121,3,2,2,GALINDAS RESIDENCIAL
3800000,"Blvrd Peña Flor, Ciudad Del Sol, , Ciudad del Sol",160,181,4,3,2,CIUDAD DEL SOL
1350000,"Av. Mirador De Las Ranas, El Mirador, El Mirador",75,125,3,2,1,EL MIRADOR
1370000,"Mar Caspio, Las Fuentes",123,123,3,1,2,LAS FUENTES
1300000,"Sendero Del Nicho  10, Milenio III",28,56,2,1,1,MILENIO III
1520000,Lomas de Juriquilla,75.8,75.8,2,2,1,LOMAS DE JURIQUILLA
3300000,"Santa Cecilia 121, Valle de Juriquilla",250,410,4,5,3,VALLE DE JURIQUILLA
4490000,"Priv. Cedros, Jurica, , Jurica",160,225,3,3,2,JURICA
9200000,"Azhala  224, Zibata, Queretaro, Queretaro",420,293,4,3,2,QUERETARO
3750000,"Hacienda Juriquilla Santa Fe, Juriquilla, Queretaro, Queretaro",170,163,3,2,2,SANTA FE
4300000,"Paso De Los Toros, Residencial El Refugio, Queretaro, Queretaro",294,294,3,3,3,EL REFUGIO
3190000,"Avenida Senda Magica, Milenio III, Queretaro, Queretaro",254,148,3,2,2,MILENIO III
530000,"Lago De Chapala 110, Juriquilla, Queretaro, Queretaro",310,230,4,2,2,JURIQUILLA
640000,"Cerrada Ciruelos, Jurica, Queretaro, Queretaro",400,400,6,4,3,JURICA
705000,"Olivo No. 100, San Isidro Ii, Real De Juriquilla (Diamante), Queretaro, Queretaro",350,440,4,3,2,SAN ISIDRO
2490000,"Av. De Los Santos  1100  - 50, El Campanario, Queretaro, Queretaro",128.05,118,3,2,2,EL CAMPANARIO
10500000,"Jardin Del Mayorazgo 200, Zibata, Queretaro, Queretaro",294.71,303.09,3,3,3,QUERETARO
4660000,"Reserva Limba, Real De Juriquilla (Diamante), Queretaro, Queretaro",230.3,278.88,3,3,2,REAL DE JURIQUILLA (DIAMANTE)
4300000,"Mayorazgo 100, Zibata, Queretaro, Queretaro",205,214,4,4,3,QUERETARO
5000000,"Avenida La Vista 1100, La Vista Residencial, Queretaro, Queretaro",240.07,276.69,3,2,2,LA VISTA RESIDENCIAL
4680000,"Balcones Del Acueducto, Queretaro, Queretaro",200,239,3,2,2,BALCONES DEL ACUEDUCTO
7490000,"Mayorazgo 100, Zibata, Queretaro, Queretaro",325,355,3,4,3,QUERETARO
5400000,"Dos Peñas 1100, El Refugio Residencial, Queretaro, Queretaro",234.22,250.13,3,2,2,EL REFUGIO
6350000,"Begoña 500, El Refugio Residencial, Queretaro, Queretaro",254.96,310,3,2,2,EL REFUGIO
3400000,"Circuito Ceiba, Zibata, Queretaro, Queretaro",131.68,195.54,3,2,2,QUERETARO
750000,"Cerro Loreto, Colinas Del Cimatario, Queretaro, Queretaro",200,200,200,3,4,COLINAS DEL CIMATARIO
699000,"C. Cerro Del Aguila 132, Santiago, Queretaro, Queretaro",230,230,4,2,2,SANTIAGO
650000,"Hacienda De Chichimequillas, Villas Del Meson, Queretaro, Queretaro",500,500,5,4,4,VILLAS DEL MESON
890000,"Calle Sta. Fe 45, Juriquilla, Queretaro, Queretaro",450,400,4,2,2,JURIQUILLA
708500,"Blvd. Jurica La Campana 1167, Jurica, Queretaro, Queretaro",150,150,4,3,2,LA CAMPANA
750000,"Lago Chacamax 125, Juriquilla, Queretaro, Queretaro",375,375,5,4,2,JURIQUILLA
782000,"Lago De Chapala 132, Juriquilla, Queretaro, Queretaro",380,350,4,4,3,JURIQUILLA
700000,"Cerro Loreto, Colinas Del Cimatario, Queretaro, Queretaro",220,217,3,3,2,COLINAS DEL CIMATARIO
699000,"Cascada Del Encanto 200, Real De Juriquilla, Queretaro, Queretaro",230,230,4,2,3,REAL DE JURIQUILLA
3350000,"Quetzal, Calesa, Queretaro, Queretaro",300,170,3,2,2,CALESA
510000,"Boulevard Jurica La Campana, Juriquilla, Queretaro, Queretaro",175,200,4,2,2,LA CAMPANA
750000,"Lago Chacamax 110, Juriquilla, Queretaro, Queretaro",375,375,5,3,4,JURIQUILLA
800000,"Avenida Valle De Araquil 100, Zibata, Queretaro, Queretaro",700,654,5,4,4,QUERETARO
5500000,"Queretaro, Queretaro",148.5,245,3,3,3,QUERETARO
2750000,"Claustros De La Catedral, Claustros De La Catedral, Queretaro, Queretaro",108,112,3,3,2,CLAUSTROS DE LA CATEDRAL
6100000,"El Campanario, Queretaro, Queretaro",254,0,3,5,2,EL CAMPANARIO
25000000,"Paseos Del Pedregal, Queretaro, Queretaro",839,635,4,4,8,PASEOS DEL PEDREGAL
21800000,"Rincon De Fray Juan, Cimatario, Queretaro, Queretaro",556,525,4,5,4,CIMATARIO
5300000,"Av. Jaime Sabines, Otros, Queretaro, Queretaro",294.71,262.36,4,2,2,QUERETARO
2100000,"100da Cerrada De Altozano, San Pedrito El Alto, Queretaro, Queretaro",108.07,118.73,3,2,2,SAN PEDRITO EL ALTO
6700000,"Rancho Largo, Juriquilla, Queretaro, Queretaro",180,250,3,3,2,RANCHO LARGO
795000,"Avenida Cumbres De Juriquilla, Juriquilla, Queretaro, Queretaro",450,310,4,3,4,JURIQUILLA
13990000,"Alamos 3a Seccion, Queretaro, Queretaro",280,460,3,5,3,ALAMOS 3
4990000,"Reserva Malpeo No. 100, Bio Grand Etapa Ii, Real De Juriquilla (Diamante), Queretaro, Queretaro",250,240,3,2,3,REAL DE JURIQUILLA (DIAMANTE)
2810000,"Olivo No. 100 San Isidro, Real De Juriquilla, Queretaro, Queretaro",145.77,132,3,2,2,SAN ISIDRO
5790000,"Residencial El Refugio, Queretaro, Queretaro",183,203,3,3,2,EL REFUGIO
2340000,"Altos Juriquilla, Juriquilla, Queretaro, Queretaro",126,0,3,2,2,JURIQUILLA
3490000,"Circuito Pedernal Picacho, Otros, Queretaro, Queretaro",130,200,3,2,0,QUERETARO
7248750,"Reserva Zorzal No. 100, Bio Grand Etapa Ii, Real De Juriquilla (Diamante), Queretaro, Queretaro",203.47,325,3,5,2,REAL DE JURIQUILLA (DIAMANTE)
2840000,"Circuito Altos Juriquilla, Otros, Queretaro, Queretaro",128,133,3,2,2,JURIQUILLA
2835000,"Zibata, Zibata, Queretaro, Queretaro",146.53,143.85,3,2,2,QUERETARO
3606000,"Campanario De San Agustin 200, El Campanario, Queretaro, Queretaro",134,123,3,2,2,EL CAMPANARIO
367500,"Angeles, Los Candiles",50,80,2,1,1,ANGELES
1600000,Jurica,90,90,3,2,2,JURICA
1630000,Centro,192,144,3,3,2,CENTRO
5400000,"Avenida Palma Cocotera, Palmares",310,260,3,3,2,PALMARES
8000000,"Ex-hacienda El Tintero, Ex-Hacienda El Tintero",170,237,2,2,0,EX-HACIENDA EL TINTERO
750000,"Av Bellavista 2061, 76134 , Qro., Mexico, Rancho Bellavista",195,195,3,2,1,RANCHO BELLAVISTA
550000,"Av. Marques De Tenerife 742, Real del Marques Residencial",126,119,3,2,1,REAL DEL MARQUES RESIDENCIAL
610000,"Senda De La Aurora, Angeles",98,67,2,1,1,LA AURORA
3300000,", Centro",90,102,3,2,2,CENTRO
1220000,", Centro",110,180,3,1,2,CENTRO
2750000,Residencial El Refugio,114,114,3,2,2,EL REFUGIO
7350000,"Lomas de Juriquilla, Queretaro, Queretaro",278,329,4,5,3,LOMAS DE JURIQUILLA
2850000,Centro,108,122,3,2,2,CENTRO
7800000,"Fundadores, Los Fundadores",165,310,4,5,3,FUNDADORES
351000,"Avenida Santa Catarina, Villas Del Meson",123,280,5,3,1,VILLAS DEL MESON
749000,"Jose Villaumbrales, Hidalgo",523,523,4,3,4,HIDALGO
357000,Jurica,100,100,3,1,1,JURICA
6800000,Centro,516,724,6,5,3,CENTRO
12650000,Jurica,330,354,4,3,0,JURICA
3300000,"Cerro El Nabo 319, Juriquilla, Queretaro, Mexico, Juriquilla Privada",310,260,3,3,4,JURIQUILLA PRIVADA
5700000,San Francisco Juriquilla,321,354,4,4,2,SAN FRANCISCO JURIQUILLA
960000,"Calle Mar De Alaska 10, Las Hadas",476,215,3,2,4,LAS HADAS
3600000,Mision de San Jeronimo,195,182,3,3,2,MISION DE SAN JERONIMO
8390000,"Granito 3200, Paseos Del Pedregal",247,256,3,2,3,PASEOS DEL PEDREGAL
883300,"C. Pedro Escobedo, Mercurio",316,450,3,3,2,MERCURIO
860000,"Cerro De Acasulco, Colinas Del Cimatario",100,100,3,2,2,COLINAS DEL CIMATARIO
1340000,Vista Hermosa,160,185,3,3,2,VISTA HERMOSA
5995900,"Prudencia Grifel 714, La Joya",288,388,3,3,2,LA JOYA
1250000,"C. Literatura 1 - 300, Ex-Hacienda El Tintero",326,486,4,4,2,EX-HACIENDA EL TINTERO
1105000,"Angeles, Candiles",126,120,3,1,1,ANGELES
900000,Paseos Del Pedregal,250,320,4,3,2,PASEOS DEL PEDREGAL
3400000,"Blvd. Jurica La Campana 1167, Juriquilla, Juriquilla",120,120,3,2,2,LA CAMPANA
5000000,"Av. Piramide De La Luna 227, 76908 El Pueblito, Qro., Mexico, Candiles",190,0,3,2,2,LA LUNA
949000,"C. Literatura 126, El Tintero",180,205,3,2,2,EL TINTERO
761993,"Punta Nte. 156, Ciudad del Sol",550,550,5,4,4,CIUDAD DEL SOL
1110900,"Cerro De Acasulco 107, Colinas Del Cimatario, , Colinas Del Cimatario",130,190,3,2,1,COLINAS DEL CIMATARIO
980900,"Areca 128, Los Robles",126,120,3,1,1,LOS ROBLES
730000,"Av. Pie De La Cuesta 3000 - 3300, Paseos Del Pedregal",74,132,3,1,1,PASEOS DEL PEDREGAL
3300000,"Blvrd Privada Juriquilla 153, Juriquilla, Juriquilla",395,395,4,4,3,JURIQUILLA
849000,"Av Senda Magica 73, Milenio III",100,100,3,2,2,MILENIO III
640000,"Fracc. Sonterra, Queretaro, Queretaro",342,342,4,3,2,SONTERRA
1415004,"Queretaro 540, Villas De Santiago",127,127,4,2,2,VILLAS DE SANTIAGO
2835000,"Cto. Mirador Del Campanario 1117, El Campanario",200,260,4,3,2,EL CAMPANARIO
350000,"Alfonso Ponce, Hidalgo, , Los Fundadores",157,152,2,2,2,HIDALGO
870000,Residencial El Refugio,90,160,3,2,2,EL REFUGIO
351000,Jurica,90,120,3,2,1,JURICA
4350000,Cumbres del Cimatario,100,100,3,2,2,CIMATARIO
22550000,"Av Pie De La Cuesta 1500 40, Cuesta Azul",200,180,4,3,3,CUESTA AZUL
3300000,Residencial El Refugio,144,177,3,2,3,EL REFUGIO
2700000,Cumbres Del Lago,135,210,3,2,2,CUMBRES DEL LAGO
9600000,Lomas de Juriquilla,270,357,4,4,2,LOMAS DE JURIQUILLA
7950000,Cumbres del Cimatario,251,431,5,5,3,CIMATARIO
6250000,Milenio III,300,435,3,4,3,MILENIO III
8500000,Lomas de Juriquilla,385,730,4,5,4,LOMAS DE JURIQUILLA
5200000,Paseos Del Pedregal,250,300,4,4,3,PASEOS DEL PEDREGAL
16150000,"P.º Cta. Bonita 70, Cuesta Bonita",450,1,3,3,3,CUESTA BONITA
607929,Milenio III,100,130,3,3,2,MILENIO III
3780000,Residencial El Refugio,166,251,4,5,3,EL REFUGIO
3300000,"Fracc. Sonterra, Queretaro, Queretaro",140,178,4,3,2,SONTERRA
2490000,Milenio III,128,124,3,2,2,MILENIO III
2420000,Residencial Parque La Gloria,111,127,3,3,2,RESIDENCIAL PARQUE LA GLORIA
3400000,Milenio III,203,223,3,2,3,MILENIO III
3300000,Juriquilla,151,104,3,3,2,JURIQUILLA
3980000,"Cumbres Del Lago, Queretaro, Queretaro",189,235,5,4,3,CUMBRES DEL LAGO
2160500,Jurica,90,109,3,2,2,JURICA
6297000,Centro,150,250,3,3,2,CENTRO
5900000,"Juriquilla, Queretaro, Queretaro",200,297,3,2,6,JURIQUILLA
5500000,Juriquilla,180,294,3,4,2,JURIQUILLA
13600000,"Juriquilla, Queretaro, Queretaro",315,350,3,3,3,JURIQUILLA
2490000,El Marques Queretano,128,178,3,3,2,EL MARQUES QUERETANO
2850000,Jurica,160,94,2,2,3,JURICA
2850000,Residencial El Refugio,160,95,2,2,3,EL REFUGIO
3300000,Alamos 2a Secc,120,130,3,2,2,ALAMOS 2
4480000,"Fracc. Sonterra, Queretaro, Queretaro",206,205,3,3,3,SONTERRA
2850000,"Fracc. Sonterra, Queretaro, Queretaro",142,141,3,2,2,SONTERRA
5600000,"Juriquilla, Queretaro, Queretaro",250,313,3,3,2,JURIQUILLA
1990000,"Fracc. Sonterra, Queretaro, Queretaro",110,150,3,2,2,SONTERRA
2830000,Ciudad del Sol,112,145,3,2,2,CIUDAD DEL SOL
3300000,"C. Fuerte De Navidad 1 - 300, Santiago",170,95,2,2,2,SANTIAGO
2250000,Valle de Juriquilla,174,120,3,2,1,VALLE DE JURIQUILLA
1540000,"Juriquilla, Juriquilla Santa Fe",116,116,3,3,1,SANTA FE
351000,Paseos Del Pedregal,80,65,1,1,1,PASEOS DEL PEDREGAL
4350000,"Juriquilla, Queretaro, Queretaro",180,205,3,2,3,JURIQUILLA
2890000,Centro,182,178,3,2,1,CENTRO
2750000,"Juriquilla, Queretaro, Queretaro",291.18,91.69,0,1,2,JURIQUILLA
2450000,"Fracc. Sonterra, Queretaro, Queretaro",150,177,3,3,2,SONTERRA
3500000,Residencial El Refugio,190,0,3,2,3,EL REFUGIO
2150000,Jurica,104,122,3,2,2,JURICA
3000000,Juriquilla Santa Fe,163,170,3,2,3,SANTA FE
1800000,"Rincon Campestre  Sn, Rincon Campestre de Queretaro",78,94,3,3,2,QUERETARO
2200000,Juriquilla Santa Fe,128,73,2,2,2,SANTA FE
7250000,"Juriquilla, Queretaro, Queretaro",150,194,3,3,2,JURIQUILLA
1800000,Cimatario,150,184,3,4,3,CIMATARIO
3200000,San Miguel,96,96,3,2,2,SAN MIGUEL
2900000,"Av. Mallorca 261, Santiago",180,200,4,3,2,SANTIAGO
350000,"El Pueblito, Centro",162,222,3,3,3,CENTRO
573000,Villas Del Meson,60,65,2,1,1,VILLAS DEL MESON
713000,Lomas de Juriquilla,90,60,2,1,1,LOMAS DE JURIQUILLA
990000,"Real De Juriquilla, Queretaro, Queretaro",108,37,2,1,1,REAL DE JURIQUILLA
2821000,"Juriquilla, Queretaro, Queretaro",145,145,3,2,1,JURIQUILLA
11300000,Balcones De Juriquilla,342,342,4,2,2,JURIQUILLA
6450000,", Centro",250,231,3,3,3,CENTRO
3500000,"Casa En Venta En Juriquilla Campestre, Real De Juriquilla (Diamante), Queretaro, Queretaro",305,290,3,3,3,REAL DE JURIQUILLA (DIAMANTE)
8400000,"Circuito Club Campestre, Club Campestre De Queretaro",149,190,3,2,2,CLUB CAMPESTRE
980000,"Real De Juriquilla, Queretaro, Queretaro",354,0,4,3,0,REAL DE JURIQUILLA
1136031,"Av. Vista Hermosa 1120, Rancho Bellavista, , Bellavista",110,180,3,2,2,VISTA HERMOSA
5550000,"Campanario, El Campanario",95,95,3,2,1,EL CAMPANARIO
18000000,"Villas Del Meson, Juriquilla",368,0,3,2,2,VILLAS DEL MESON
4100000,"Casa En Venta En Mision Conca, Mision De Conca",808,552,4,4,0,MISION DE CONCA
510000,"Campanario Norte, El Campanario",247,207,3,3,3,EL CAMPANARIO
52500000,"Blvrd De Los Gobernadores 1002, Villas Del Cimatario, Monte Blanco Iii, , Villas Del Cimatario",140,140,2,2,2,VILLAS DEL CIMATARIO
11000000,"Arroyo La Estancia, 112, Juriquilla",420,0,3,3,3,JURIQUILLA
2556000,"Prol Hacienda La Venta 3, Valle De Los Olivos, San Jose De Los Olvera, San Jose",270,333,4,5,3,SAN JOSE
14500000,"Av Trenistas 441, San Antonio De La Punta",143,200,4,2,2,SAN ANTONIO DE LA PUNTA
975000,"Puebla 8, Obrera",126,0,3,2,2,OBRERA
14400000,"Prudencia Griffel 205, La Joya",100,109,3,3,2,LA JOYA
14500000,"Portal De Samaniego 501, Jardines De Santiago",880,509,4,5,4,JARDINES DE SANTIAGO
3300000,El Campanario,539,515,4,4,4,EL CAMPANARIO
3300000,"Avenida Parque Santiago, Parque Santiago",375,389,4,4,3,PARQUE SANTIAGO
550000,El Campanario,90,62,2,1,1,EL CAMPANARIO
1850000,Milenio III,198,119,3,2,1,MILENIO III
4095000,"Blvd. Hacienda La Gloria 1201, Hacienda de la Gloria",192,198,3,2,2,LA GLORIA
1034000,"Casa En Venta En Mision Conca, Mision De Conca",150,123,4,2,2,MISION DE CONCA
9865000,"Casa En Venta En Valle Tinto En Corregidora, Colinas Del Bosque I",420,0,4,5,3,EL BOSQUE
5400000,"Casa En Venta En Gran Reserva Preserve, Juriquilla, Real De Juriquilla (Diamante), Queretaro, Queretaro",340,0,4,4,2,REAL DE JURIQUILLA (DIAMANTE)
3300000,"Cumbres Del Lago, Cumbres Del Lago, Queretaro, Queretaro",146,0,3,2,2,CUMBRES DEL LAGO
5677600,Casa En Venta En Lomas Del Campanario En Condominio San Lorenzo,327,389,4,4,2,EL CAMPANARIO
12990000,"Prudencia Grifel 716, Santiago",389,0,4,4,3,SANTIAGO
672371,Cumbres del Cimatario,124,230,3,2,2,CIMATARIO
16800000,Lomas Del Marques,299,840,5,7,8,LOMAS DEL MARQUES
2100000,"Agustin Lara 122, La Joya",160,113,3,2,2,LA JOYA
1414639,La Vista Residencial,112,112,3,2,2,LA VISTA RESIDENCIAL
4940000,Tlacote El Bajo,180,215,3,3,2,TLACOTE EL BAJO
1250000,"El Parque, , Santiago",123,123,3,3,2,EL PARQUE
580000,", Centro Sct Queretaro",90,62,2,1,1,CENTRO SCT QUERETARO
1528800,Lomas de Juriquilla,110,130,3,1,1,LOMAS DE JURIQUILLA
12000000,Loma Juriquilla,580,310,3,4,3,LOMA JURIQUILLA
3200000,"Paseos Del Marques, El Marques Queretano",251,269,3,4,2,EL MARQUES QUERETANO
820000,"Avenida De La Cantera, Santiago",156,87,3,2,1,LA CANTERA
990000,", El Marques",95,105,3,1,2,EL MARQUES
1412750,"Av. Sakurajima 3081-int 67, Eduardo Loarca Castillo",256,220,3,2,1,EDUARDO LOARCA CASTILLO
780000,"Cumbres Del Lago, Queretaro, Queretaro",45,60,2,1,1,CUMBRES DEL LAGO
5500000,Paseos Del Pedregal,176,244,3,2,2,PASEOS DEL PEDREGAL
7280100,", Centro",200,280,3,3,3,CENTRO
550000,El Refugio Residencial,70,70,2,1,2,EL REFUGIO
5231000,"Casa Nueva En Venta En Colinas De Juriquilla, Excelentes Espacios Y Doble Altura",184,232,3,4,2,JURIQUILLA
5700000,"Av Campanario, El Campanario",285,285,3,3,4,EL CAMPANARIO
11400000,", Centro",315,350,3,1,0,CENTRO
576715,Fray Junipero Serra,80,80,2,1,1,FRAY JUNIPERO SERRA
3300000,"Sta Monica 2da Secc, , Santa Monica",323,272,3,5,3,SANTA MONICA
929000,"Casa En Venta En Los Robles Juriquilla, En San Isidro Juriquilla (roble), Queretaro, Queretaro",150,150,4,3,2,SAN ISIDRO JURIQUILLA
3050000,"Casa  Nueva En Venta En Grand Juriquilla, Queretaro, Queretaro",133,0,3,2,2,JURIQUILLA
4190000,"Casa Nueva En Venta En Grand Juriquillla, Queretaro, Queretaro",213,0,3,3,2,QUERETARO
4150000,"Hidalgo, Centro",235,0,3,3,2,HIDALGO
22000000,"San Francisco, Juriquilla",669,751,5,4,7,SAN FRANCISCO
14500000,"Lomas De Juriquilla, Juriquilla",774,607,5,5,0,LOMAS DE JURIQUILLA
8850000,"Hacienda Balvanera, Juriquilla",250,479,4,4,0,JURIQUILLA
5600000,", Centro",450,297,3,2,2,CENTRO
420338,Paseos Del Pedregal,120,120,2,2,1,PASEOS DEL PEDREGAL
3300000,Casa En Venta En Cumbres Del Cimatario,200,280,3,4,3,CIMATARIO
6500000,El Campanario,250,0,3,3,3,EL CAMPANARIO
12750000,"Campanario De Lourdes, El Campanario",316,358,4,4,3,EL CAMPANARIO
11400000,"Venta Del Refugio, Residencial El Refugio",280,325,4,5,0,EL REFUGIO
3580000,"Cumbres Del Lago, Juriquilla, Queretaro, Queretaro",130,217,3,2,0,JURIQUILLA
5950000,"La Reserva Frente Santa Fe Juriquilla, Juriquilla",280,255,3,4,0,SANTA FE
5730000,"Casa En Venta En Biogrand Juriquilla, ""oportunidad"", Queretaro, Queretaro",180,270,3,3,0,JURIQUILLA
3550000,"Casa Nueva En Venta En Biogrand Juriquilla (preparacion Para Roof Garden), Queretaro, Queretaro",191,0,3,2,2,JURIQUILLA
3790000,Venta Casa Santillana Queretaro,198,0,3,2,2,QUERETARO
5900000,"Real De Juriquilla, Juriquilla, Queretaro, Queretaro",277,277,3,3,2,REAL DE JURIQUILLA
2990000,"La Reserva, Juriquilla",106,145,3,2,0,JURIQUILLA
6990000,"Montes Blancos, Juriquilla",206,326,4,4,0,JURIQUILLA
3180000,", Centro",126,159,3,2,0,CENTRO
510000,Mision de San Jeronimo,140,140,2,2,1,MISION DE SAN JERONIMO
11800000,"Priv. Sta. Anita, San Antonio De La Punta, , Rinconada Los Pirules",377,377,3,2,3,SAN ANTONIO DE LA PUNTA
550000,El Campanario,150,150,3,1,2,EL CAMPANARIO
11399000,El Campanario,270,330,3,4,2,EL CAMPANARIO
32500000,"Juriquilla, Queretaro, Queretaro",745,704,4,4,3,JURIQUILLA
7200000,Casa En Venta En La Vista Residencial (preventa),270,376,4,4,3,LA VISTA RESIDENCIAL
10790000,"Av. Santa Fe, Juriquilla Santa Fe",370,0,4,4,3,SANTA FE
4460000,"Av. Vista Hermosa 1120, Rancho Bellavista, , Bellavista",200,211,3,3,0,VISTA HERMOSA
510000,", Centro",140,140,2,2,2,CENTRO
521200,"Calz. De Belen, San Jose El Alto, Jardines De Santiago",143,143,3,2,2,SAN JOSE EL ALTO
576715,Paseos Del Pedregal,80,80,2,1,1,PASEOS DEL PEDREGAL
6150000,"Casa En Venta En La Vista Residencial En Condominio Benevento, La Vista Residencial",232,197,3,3,3,LA VISTA RESIDENCIAL
4950000,"Cumbres Del Lago, Queretaro, Queretaro",215,0,3,3,2,CUMBRES DEL LAGO
10800000,"Casa En Venta En Lomas De Juriquilla, Roofgarden, Lomas de Juriquilla",286,330,4,4,3,LOMAS DE JURIQUILLA
6000000,Venta Hermosa Casa En Altozano Queretaro 85%,250,0,5,5,3,ALTOZANO
6200000,"Anillo Vial Fray Junipero Serra, Altozano el Nuevo Queretaro",275,275,4,4,2,FRAY JUNIPERO SERRA
4590000,Residencial El Refugio,129,186,3,4,2,EL REFUGIO
11150000,El Campanario,270,352,3,4,3,EL CAMPANARIO
10690000,Paseos Del Pedregal,300,392,4,4,4,PASEOS DEL PEDREGAL
6890000,Juriquilla,205,301,3,4,2,JURIQUILLA
8900000,La Vista Residencial,250,350,3,3,3,LA VISTA RESIDENCIAL
7920850,El Campanario,236,245,3,4,3,EL CAMPANARIO
7900000,Paseos Del Pedregal,250,410,4,5,3,PASEOS DEL PEDREGAL
12950000,Paseos Del Pedregal,375,389,3,5,3,PASEOS DEL PEDREGAL
9750000,Juriquilla,250,342,4,5,2,JURIQUILLA
16150000,Paseos Del Pedregal,479,403,4,5,3,PASEOS DEL PEDREGAL
5890000,Constituyentes,225,320,3,5,3,CONSTITUYENTES
7290000,"C. Arroyo Casa Blanca 192, 76230 Juriquilla, Qro., Mexico, Juriquilla Santa Fe",200,245,3,4,3,SANTA FE
4650000,La Vista Residencial,238,323,4,2,3,LA VISTA RESIDENCIAL
17900000,El Campanario,783,600,3,4,3,EL CAMPANARIO
5600000,El Campanario,170,254,4,4,3,EL CAMPANARIO
28500000,Paseos Del Pedregal,881,634,5,3,7,PASEOS DEL PEDREGAL
5800000,La Vista Residencial,150,280,3,4,2,LA VISTA RESIDENCIAL
6790000,Balcones De Juriquilla,205,265,4,4,3,JURIQUILLA
6300000,La Condesa,186,290,5,5,3,LA CONDESA
5720000,Jurica,255,248,4,4,3,JURICA
3300000,Casa En Venta En Loma Dorada,140,178,3,4,2,LOMA DORADA
4900000,"Sendero De Paz 10-0, Milenio Iii, , Milenio III",350,0,3,3,2,MILENIO III
3890000,Cumbres del Cimatario,125,180,3,3,2,CIMATARIO
5800000,Lomas de Juriquilla,326,410,5,5,4,LOMAS DE JURIQUILLA
383181,Club Campestre De Queretaro,306,250,4,3,1,CLUB CAMPESTRE
1510000,Loma Dorada,523,523,4,4,2,LOMA DORADA
3250000,"De Los Ciruelos, San Isidro El Alto",136,166,4,3,2,SAN ISIDRO EL ALTO
3300000,"Circuito Pizarra 622, San Isidro Juriquilla, Queretaro, Queretaro",945,340,5,3,2,SAN ISIDRO JURIQUILLA
1850000,Juriquilla,198.58,119.73,3,2,1,JURIQUILLA
7068750,Paseos Del Pedregal,172,325,3,3,2,PASEOS DEL PEDREGAL
4400000,"P.º De La Garza 69, Santa Fe",322,216,3,2,4,SANTA FE
2550000,Campestre Italiana,117,166,3,2,2,CAMPESTRE ITALIANA
5400000,"Loma Dorada, Queretaro, Mexico, Loma Dorada",395,338,4,3,4,LOMA DORADA
11500000,Lomas de Juriquilla,375,512,4,5,3,LOMAS DE JURIQUILLA
5990000,"Campanario, El Campanario",251,305,4,4,3,EL CAMPANARIO
14900000,"Cumbres Del Lago, Queretaro, Queretaro",800,450,5,5,7,CUMBRES DEL LAGO
9100000,Residencial El Refugio,302,463,4,4,3,EL REFUGIO
3385000,Corregidora,125,175,4,5,2,CORREGIDORA
3200000,Milenio III,132,161,4,3,0,MILENIO III
4750000,Loma Dorada,162,212,3,4,0,LOMA DORADA
25000000,"Juriquilla, Queretaro, Queretaro",450,450,3,3,6,JURIQUILLA
2835000,Cumbres Del Lago,146,143,3,2,2,CUMBRES DEL LAGO
8440000,Juriquilla,315,440,3,5,4,JURIQUILLA
5800000,Paseos Del Pedregal,225,0,3,4,0,PASEOS DEL PEDREGAL
12950000,Loma Dorada,272,409,4,4,3,LOMA DORADA
12800000,"Av. La Rica, Juriquilla",590,360,5,4,4,JURIQUILLA
5950000,El Campanario,280,254,3,4,0,EL CAMPANARIO
1350000,"Queretaro, Queretaro",110,58,2,1,2,QUERETARO
1312167,Bosques Del Acueducto,110,180,3,2,2,BOSQUES DEL ACUEDUCTO
1550000,"Residencial La Vista, La Vista Residencial",133,87,2,3,2,LA VISTA RESIDENCIAL
10700000,"Sonterra Residencial, Queretaro, Queretaro",408,535,4,4,4,SONTERRA
945000,El Nuevo Refugio,280,280,4,3,2,EL REFUGIO
6000000,"Prudencia Griffel, La Joya",250,243.02,5,5,0,LA JOYA
5200000,"Lago Patzcuaro 712, Cumbres Del Lago",180,215,3,3,2,CUMBRES DEL LAGO
1900000,Balcones Del Acueducto,153,111,3,2,0,BALCONES DEL ACUEDUCTO
5450000,Villas Del Meson,183,203,4,3,2,VILLAS DEL MESON
1199000,"Av. Los Portones 1027, Valle de Juriquilla",114,179,3,2,1,VALLE DE JURIQUILLA
3400000,"Residencial La Vista, La Vista Residencial",317,305,4,3,2,LA VISTA RESIDENCIAL
8000000,"Juriquilla, Queretaro, Queretaro",325,355,4,5,3,JURIQUILLA
5730000,"Cumbres Del Lago, Queretaro, Queretaro",180,260,3,3,3,CUMBRES DEL LAGO
4800000,Juriquilla,145,197,4,4,2,JURIQUILLA
2917200,Juriquilla,144,213,3,2,2,JURIQUILLA
2550000,"Juriquilla, Queretaro, Queretaro",108,113,3,2,2,JURIQUILLA
10240000,El Campanario,566.4,300.57,3,4,0,EL CAMPANARIO
3000000,"De Botina 155, Plazas del Sol 2a Seccion",207,110,2,2,2,PLAZAS DEL SOL 2A SECCION
2450000,"Mision De Capistrano 203, Juriquilla",110,115,3,2,2,JURIQUILLA
3300000,"Av. Cardenal 12801, El Refugio Residencial",82,62,2,1,1,EL REFUGIO
838600,"Monte Pissis 1 - 300, Juriquilla",360,360,4,4,3,JURIQUILLA
10240000,"Granito 3200, Paseos Del Pedregal",566,300,3,4,6,PASEOS DEL PEDREGAL
4990000,"Peñuelas 1515, El Refugio Residencial",219.41,219.41,3,2,2,EL REFUGIO
4990000,Residencial El Refugio,154,183,3,3,2,EL REFUGIO
4990000,"Juriquilla, Queretaro, Queretaro",200,200,3,4,2,JURIQUILLA
695000,"Av. Euripides 1635, El Refugio, 76146 , Qro., Mexico, El Refugio Residencial",100,100,3,2,1,EL REFUGIO
4590000,Club Campestre,186,186,3,4,3,CLUB CAMPESTRE
3580000,"C. Lago Zumpango 191, Cumbres Del Lago, Juriquilla, Juriquilla, Queretaro, Queretaro",130,217,4,4,2,JURIQUILLA
3500000,Mision de San Jeronimo,160,240,4,4,2,MISION DE SAN JERONIMO
2747400,Altozano el Nuevo Queretaro,125,114,3,2,1,ALTOZANO
10950000,"Av Sta Catarina, Villas Del Meson",600,600,4,5,4,VILLAS DEL MESON
7806700,Residencial El Refugio,385,326,5,4,4,EL REFUGIO
8500000,"Boulevard Hacienda La Gloria, Hacienda El Campanario",305,450,4,5,3,LA GLORIA
5175000,Corregidora,180,242,4,4,2,CORREGIDORA
3600000,"Real De Juriquilla, Queretaro, Queretaro",140,151,3,0,2,REAL DE JURIQUILLA
3300000,Club Campestre,120,120,2,1,1,CLUB CAMPESTRE
2600000,"Av Cumbres De Juriquilla, Cumbres Del Lago, , Altavista Juriquilla",120,115,3,2,2,JURIQUILLA
4289600,Juriquilla Privada,190,250,3,4,3,JURIQUILLA PRIVADA
6000000,"Lago De Chapala 132, Cumbres Del Lago, Juriquilla, Cumbres Del Lago",300,1,4,3,2,JURIQUILLA
849000,"Cordillera De Los Andes 2088, 76116 , Qro., Mexico, La Loma",327,327,3,3,2,LA LOMA
1283400,"Juriquilla, Juriquilla",96,96,2,2,2,JURIQUILLA
730000,"Fraccionamiento San Jeronimo, Mision de San Jeronimo",145,200,4,2,1,MISION DE SAN JERONIMO
805000,"Bosque España, Colinas Del Bosque Ii, Filosofal, El Pueblito, Colinas Del Bosque II",700,700,4,3,3,ESPAÑA
1200000,"Av. Vista Alegre 2120, El Arco",173,280,3,2,2,VISTA ALEGRE
3600000,"Calle Vicente Guerrero 91, Centro",600,557,4,2,4,CENTRO
3300000,"Casa En Venta, Sonterra  (vg), Queretaro, Queretaro",119,109,3,2,1,SONTERRA
640000,"Primera De Fresnos, Jurica",110,180,3,2,2,JURICA
1600000,"Sonterra Residencial, Queretaro, Queretaro",146,0,3,1,2,SONTERRA
1216000,"Bosque España, Colinas Del Bosque II",300,250,3,2,3,ESPAÑA
1680000,"Angeles 39, Candiles",78,94.7,3,3,0,ANGELES
1869000,"Cerro De Acasulco 107, Colinas Del Cimatario",600,556,4,2,4,COLINAS DEL CIMATARIO
800000,"Av. Puerta Verona 3001, Viñedos",90,110,3,2,2,VIÑEDOS
730000,"Galindo, Felipe Carrillo Puerto",395,260,4,4,3,FELIPE CARRILLO PUERTO
1700000,"Hacienda De Chichimequillas 217, Real De Juriquilla",110,75,2,1,1,REAL DE JURIQUILLA
3300000,"La Joya, La Joya, Queretaro, Queretaro",180,180,4,2,1,LA JOYA
977400,"Hacienda De Balvanera, 76226 El Salitre, Qro., Mexico, Villas Del Meson",430,430,6,5,4,VILLAS DEL MESON
990101,"Avenida Bellavista, Rancho Bellavista",130,230,3,2,2,RANCHO BELLAVISTA
5381200,"Palma Datilera El Salitre, 76127 , Qro., Mexico, Palmares",120,160,3,3,2,PALMARES
978000,"Don Baltazar 24, Colinas De Menchaca",450,330,4,4,4,COLINAS DE MENCHACA
725000,Cerrito Colorado,151,188,4,5,2,CERRITO COLORADO
3300000,"Marques De La Villa Del Villar Del Aguila 1961, Centro Sur, , Santiago",62,90,2,1,1,CENTRO SUR
1575000,Juriquilla Santa Fe,100,120,3,1,1,SANTA FE
3250000,"C. Maciso Tibesti 300 - 600, Mision de Carrillo",175,200,3,2,2,MISION DE CARRILLO
833000,"Ibiza, Bosques Del Acueducto",128,128,3,3,0,BOSQUES DEL ACUEDUCTO
5676800,Vista Hermosa,80,140,3,2,1,VISTA HERMOSA
5600000,Residencial El Refugio,232,336,3,3,2,EL REFUGIO
4100000,"Avenida Equinoccio, Puerta Del Sol II",335,338,6,11,2,PUERTA DEL SOL II
3400000,"Portal De San Marcos 527, Villas De Santiago",300,179,2,2,3,VILLAS DE SANTIAGO
710100,"Cto. Balcones, Manzanares, El Salitre, Balcones De Juriquilla",245,151,3,2,2,JURIQUILLA
3300000,"Av. Puerta Verona 4031-int 70, Viñedos",100,80,2,1,1,VIÑEDOS
1930000,"Residencial La Vista, La Vista Residencial",200,180,4,2,1,LA VISTA RESIDENCIAL
722000,"Cerro Prta Del Cielo 11, Cimatario",110,97,3,1,1,CIMATARIO
4100000,"Av Senda Magica 73, Milenio III",107,107,3,2,1,MILENIO III
1226295,Paseos Del Pedregal,145,151,3,3,2,PASEOS DEL PEDREGAL
1415000,"Cumbres Del Lago, Queretaro, Queretaro",100,100,3,2,1,CUMBRES DEL LAGO
7280000,"Av. Mirador De Las Ranas 1 - 300, , Qro., Mexico, Santiago",200,260,4,3,2,SANTIAGO
6200000,"Fracc. Sonterra, Queretaro, Queretaro",200,270,3,3,3,SONTERRA
1350000,El Salitre,456,479,3,3,0,EL SALITRE
3300000,"Av. Palma Cocotera 2040, Palmares, 76127 , Qro., Mexico, Palmares",123,123,3,1,2,PALMARES
2380000,"Cda. Villa Del Villar Del Aguila 1032, Hacienda El Campanario",129,83,3,2,2,EL CAMPANARIO
5127803,"Remedios Varo, Las Azucenas, , Las Azucenas",108,109,3,2,0,LAS AZUCENAS
3480000,"San Miguel, , Santiago",141,189,4,5,2,SAN MIGUEL
351000,Mision De Conca,88,203,3,3,1,MISION DE CONCA
1050000,"Cerro Pie De Gallo 112, Manzanares, Santa Rosa Jauregui, Santa Rosa De Jauregui",60,60,2,1,1,SANTA ROSA DE JAUREGUI
8900000,"De Botina, Plazas Del Sol 2da Secc, , Santiago",90,90,3,2,1,SANTIAGO
1110000,"Sta. Elena 710, Sta Monica 2da Secc, , Santa Monica 2a Secc.",358,343,3,5,0,SANTA MONICA 2A SECC
951300,"Hacienda Montenegro 113, Villas Del Meson, Juriquilla, Queretaro, Mexico, Villas Del Meson",360,360,5,4,3,VILLAS DEL MESON
376528,"Tzeltales 299, Cerrito Colorado, , Cerrito Colorado",120,80,2,2,1,CERRITO COLORADO
867000,"Av De Monte Sacro 2100 - 2400, El Vergel, , El Vergel",120,90,3,2,2,EL VERGEL
964600,"C. Plateros, San Pedrito Peñuelas I, , Peñuelas",260,280,3,2,2,SAN PEDRITO PEÑUELAS I
1850000,"Circuito Pizarra 600 - 900, Juriquilla, Queretaro, Queretaro",198,120,3,2,2,JURIQUILLA
951300,"Sta. Elena 710, Sta Monica 2da Secc, , Santa Monica 2a Secc.",150,150,3,3,2,SANTA MONICA 2A SECC
1120000,"Av Fray Luis De Leon, Colinas Del Cimatario, , Colinas Del Cimatario",130,130,3,2,2,COLINAS DEL CIMATARIO
1369000,"Calle Del, Rancho Largo 115, Villas Del Meson, Juriquilla, Villas Del Meson",460,460,3,2,3,VILLAS DEL MESON
1120000,"Av Fray Luis De Leon, Colinas Del Cimatario",130,130,3,1,2,COLINAS DEL CIMATARIO
659202,"Areca 128, Los Robles, , Los Robles",80,70,2,2,1,LOS ROBLES
761000,"Senda Del Rocio, Milenio Iii, , Milenio III Fase A",140,200,4,2,2,MILENIO III
1701770,"Barroco 9, Mision Mariana Ii, Candiles, Corregidora",90,90,3,2,2,CORREGIDORA
1850000,"Circuito Pizarra 622, San Isidro Juriquilla, Queretaro, Queretaro",198,119,3,3,2,SAN ISIDRO JURIQUILLA
1080000,"P.º Sicilia 11, , Corregidora",158,240,3,1,2,CORREGIDORA
830000,"Ing. Manuel Herrera 16, San Javier, , San Javier",220,220,4,2,2,SAN JAVIER
1964802,"Av. De La Aurora 205, , El Angel",60,100,3,2,1,LA AURORA
521991,"Cordillera De Los Andes, Colinas Del Poniente, , San Pedro Martir",100,75,2,1,1,SAN PEDRO MARTIR
978000,"Av. Agustin Gonzalez Medina 4890, , Eduardo Loarca Castillo",120,100,3,2,1,EDUARDO LOARCA CASTILLO
1390000,"Punta Nte., , Santiago",75,100,3,2,2,SANTIAGO
1960000,"Camino A Tlacote, Ciudad del Sol",90,95,3,2,2,CIUDAD DEL SOL
857000,"Paseos Del Marques, Paseos Del Marques, El Marques",90,110,2,2,1,EL MARQUES
978000,"Av. Agustin Gonzalez Medina 4890, , Eduardo Loarca Castillo",100,120,3,2,1,EDUARDO LOARCA CASTILLO
7500000,Cumbres Del Lago,270,364,4,5,2,CUMBRES DEL LAGO
3100000,"Cumbres Del Lago, Queretaro, Queretaro",148,138,3,2,0,CUMBRES DEL LAGO
1320000,"C. Acueducto De Zacatecas, Jurica Acueducto, Juriquilla, Jurica Acueducto",112,212,3,2,2,JURIQUILLA
3450000,El Campanario,153,153,3,0,2,EL CAMPANARIO
8300000,El Campanario,260,287,3,4,3,EL CAMPANARIO
11000000,"Valle De Juriquilla, Juriquilla Santa Fe",859,0,4,5,3,VALLE DE JURIQUILLA
6290000,"Milenio Iii, Otros",190,250,3,5,2,MILENIO III
27750000,"El Campanario, El Campanario",830,647,4,4,5,EL CAMPANARIO
8990000,"Cumbres Del Lago, Cumbres Del Lago, Queretaro, Queretaro",275,284,3,4,3,CUMBRES DEL LAGO
761000,"Santa Fe Juriquilla, Juriquilla Santa Fe",151,151,3,2,2,SANTA FE
15700000,"Altozano, Altozano el Nuevo Queretaro",945,415.19,4,4,3,ALTOZANO
3980000,"Altozano Cumbre, San Pedrito El Alto, Queretaro, Queretaro",276.2,226.69,3,2,2,SAN PEDRITO EL ALTO
4550000,"Mision Conca, Mision De Conca",196.91,294.51,3,3,3,MISION DE CONCA
13400000,La Joya,372,436,3,3,3,LA JOYA
6000000,Milenio III,265.5,357,3,4,2,MILENIO III
3250000,El Campanario,126,142,3,2,2,EL CAMPANARIO
19500000,"Condesa Amealco, 1309, Juriquilla",608,435,3,3,0,JURIQUILLA
7290000,"Casa En  Venta 3 Recamaras, Zakia, Circuito Universidades Queretaro, Quer.",200,245,3,3,0,UNIVERSIDAD
7590000,Juriquilla,200,280,3,3,0,JURIQUILLA
8390000,"Casa En Venta - Centro Sur  Colinas Del Cimatario (eg), Colinas Del Cimatario",270,290,3,3,3,COLINAS DEL CIMATARIO
9600000,Hacienda El Campanario,273,311.62,3,3,3,EL CAMPANARIO
2700000,"Casa En Venta,  Jurica  (fr), Jurica",90,116,3,2,2,JURICA
3500000,Paseos Del Pedregal,131,235,3,2,2,PASEOS DEL PEDREGAL
4400000,El Campanario,201,251,4,3,3,EL CAMPANARIO
2299987,"Salvador Jimenez Loza 126, Reforma Agraria",168,102,3,2,2,REFORMA AGRARIA
19700000,Balcones De Juriquilla,711,820,4,5,3,JURIQUILLA
5300000,Juriquilla Santa Fe,292,340,3,3,0,SANTA FE
6850000,Juriquilla,565,0,3,3,2,JURIQUILLA
19500000,Centro,350,557,6,7,4,CENTRO
8750000,Balcones Del Acueducto,323,349,4,3,3,BALCONES DEL ACUEDUCTO
5300000,Lomas de Juriquilla,252,315,4,5,3,LOMAS DE JURIQUILLA
3670000,Residencial El Refugio,250,220,3,2,3,EL REFUGIO
3150000,"Lomas De San Pedrito, Lomas De San Pedrito Peñuelas",225,254,5,3,1,SAN PEDRITO PEÑUELAS
12000000,Juriquilla,623,538,4,6,4,JURIQUILLA
8480000,"Junipero Serra Al 3000, Mision De Conca",420,0,3,3,4,MISION DE CONCA
7806700,Cumbres Del Lago,326,385,4,4,4,CUMBRES DEL LAGO
3675000,Juriquilla Santa Fe,160,156,3,2,2,SANTA FE
6900000,"Cerro Escondido, Colinas Del Cimatario, , Queretaro, Mexico, Colinas Del Cimatario",250,513,4,2,3,COLINAS DEL CIMATARIO
3720000,Cumbres Del Lago,180,200,3,3,2,CUMBRES DEL LAGO
12950000,Jurica,651,461,4,4,4,JURICA
3550000,Juriquilla Santa Fe,244,195,4,3,2,SANTA FE
27000000,El Campanario,780,771,4,4,5,EL CAMPANARIO
7990000,Carretas,335,380,3,2,4,CARRETAS
22000000,Juriquilla,712,840,4,5,3,JURIQUILLA
5450000,"Fraccionamiento La Reserva, Valle De Juriquilla",226,0,3,4,3,VALLE DE JURIQUILLA
19000000,Jurica,760,850,4,4,6,JURICA
4250000,Quintas Del Marques,162,210,3,4,2,QUINTAS DEL MARQUES
2100000,"Jaime Sabines 3057 Int. 36, Sonterra Residencial",111.84,104.98,3,2,2,SONTERRA
3400000,Residencial El Refugio,123,292,3,2,2,EL REFUGIO
3900000,Juriquilla,231,168,3,2,2,JURIQUILLA
7200000,"Centro Historico, Centro",240,390,5,4,2,CENTRO
15000000,"Rio, Paseos Del Pedregal",761,579,4,2,1,PASEOS DEL PEDREGAL
16150000,Casa En Venta - Alamos 2a Secc (eg),531,450,4,5,4,ALAMOS 2
6800000,Jurica,250,0,3,2,2,JURICA
2250000,Juriquilla Santa Fe,127,135,3,2,2,SANTA FE
12950000,Residencial El Refugio,650,460,4,4,4,EL REFUGIO
3740000,"Hacienda Coyotillos, Juriquilla",274,158,3,2,2,JURIQUILLA
2750000,Casa En Venta En El Campanario Queretaro .15,135,190,4,3,2,EL CAMPANARIO
8500000,"Pedregal De Queretaro, El Pedregal De Queretaro",450,338,4,5,4,EL PEDREGAL DE QUERETARO
28000000,Corregidora,720,0,4,4,0,CORREGIDORA
16000000,"Palmares, Palmares",635,691,4,6,3,PALMARES
3445000,Claustros Del Parque,160,220,4,4,2,EL PARQUE
6990000,"Cumbres De Xinantecatl 15, Fraccionamiento Cumbres Del Cimatario, 76973 , Qro. 15",197,225,4,5,2,CIMATARIO
7900000,Paseos Del Pedregal,316,258,3,4,2,PASEOS DEL PEDREGAL
6890000,Jurica,282,278,2,4,2,JURICA
8990000,Villas Del Meson,272,436,4,5,3,VILLAS DEL MESON
17500000,"Paseo Del Meson, Jurica Campestre",760,820,4,4,4,JURICA
17500000,Lomas de Juriquilla,875,850,4,4,6,LOMAS DE JURIQUILLA
3250000,Jurica,120,142,3,3,2,JURICA
26580000,Juriquilla,586,714,4,4,6,JURIQUILLA
5750000,Juriquilla,285,245,4,4,3,JURIQUILLA
11000000,Paseos Del Pedregal,525,600,3,3,4,PASEOS DEL PEDREGAL
6245000,Centro Sur,738,295,3,3,3,CENTRO SUR
6245000,Milenio III,739,296,3,3,3,MILENIO III
4514000,Milenio III,181,231,3,4,2,MILENIO III
6830000,Milenio III,236,345,5,5,3,MILENIO III
4750000,"Real De Juriquilla, Juriquilla, Real De Juriquilla, Queretaro, Queretaro",300,245,4,5,3,REAL DE JURIQUILLA
19500000,"Se Vende Hermosa Casa En Huertas El Carmen 6, Corregidora",850,680,4,4,6,CORREGIDORA
4200000,Centro,125,125,3,3,0,CENTRO
11000000,Quintas Del Marques,324,444,4,4,3,QUINTAS DEL MARQUES
5800000,"Cumbres Del Lago, Queretaro, Queretaro",285,249,4,3,2,CUMBRES DEL LAGO
5500000,"Cumbres Del Lago, Queretaro, Queretaro",285,320,3,4,3,CUMBRES DEL LAGO
3300000,El Refugio Residencial,160,199,4,4,2,EL REFUGIO
3300000,La Purisima,119,177,3,3,2,LA PURISIMA
7000000,El Refugio Residencial,156,318,4,6,2,EL REFUGIO
8990000,El Campanario,274,284,3,3,2,EL CAMPANARIO
72680,Jurica,195,158,3,2,2,JURICA
4960000,Juriquilla Santa Fe,324,291,4,4,3,SANTA FE
3100000,"Juriquilla, Queretaro, Queretaro",250,150,3,2,2,JURIQUILLA
2990000,Paseos Del Pedregal,170,200,3,2,2,PASEOS DEL PEDREGAL
12500000,Ciudad del Sol,459,475,3,3,3,CIUDAD DEL SOL
1397000,Residencial El Refugio,68,81,2,2,1,EL REFUGIO
4950000,Lomas de Juriquilla,156,214,3,3,2,LOMAS DE JURIQUILLA
6350000,"Venta Casa Huertas El Carmen 1a Secc 6, Corregidora",251,327,4,4,3,CORREGIDORA
12500000,"Cascada De Basaseachic 127, Real De Juriquilla, Queretaro, Queretaro",850,850,4,4,4,REAL DE JURIQUILLA
3300000,Juriquilla,361,362,3,4,3,JURIQUILLA
13900000,Balcones De Juriquilla,880,387,3,5,8,JURIQUILLA
21500000,Juriquilla,966,770,4,7,4,JURIQUILLA
5900000,"Circuito Balcones 136, Balcones De Juriquilla",200,1,4,5,3,JURIQUILLA
6448000,"Cerro De Acambay #200, Colinas Del Cimatario",151,188,3,2,2,COLINAS DEL CIMATARIO
6400000,"Juriquilla, Juriquilla",250,350,4,4,2,JURIQUILLA
7500000,Villas Del Meson,472,299,3,5,3,VILLAS DEL MESON
7830000,"Real De Juriquilla, Queretaro, Queretaro",236,290,3,4,3,REAL DE JURIQUILLA
2250000,Cumbres Del Lago,128,136,3,2,2,CUMBRES DEL LAGO
6600000,Lomas de Juriquilla,310,420,3,4,3,LOMAS DE JURIQUILLA
5800000,"Juriquilla, Queretaro, Queretaro",260,416,3,4,3,JURIQUILLA
3944000,Paseos Del Pedregal,162,233,3,3,3,PASEOS DEL PEDREGAL
6762000,Paseos Del Pedregal,202,282,3,4,3,PASEOS DEL PEDREGAL
16150000,El Campanario,531,451,4,5,4,EL CAMPANARIO
15000000,Centro Sur,721,390,4,3,4,CENTRO SUR
4850000,Residencial El Refugio,225,355,4,4,3,EL REFUGIO
3590000,Loma Dorada,144,161,3,2,3,LOMA DORADA
18000000,El Campanario,350,455,3,3,5,EL CAMPANARIO
9700000,Loma Dorada,280,315,3,3,3,LOMA DORADA
6700000,Loma Dorada,358,331,3,3,2,LOMA DORADA
8600000,"Casa En Venta En Claustros Del Parque, Claustros Del Parque",460,330,3,5,4,EL PARQUE
11000000,"Pedernal Sn, El Pedregal De Queretaro",510,0,5,4,3,EL PEDREGAL DE QUERETARO
16500000,Balcones De Juriquilla,592.48,500,3,4,3,JURIQUILLA
13500000,"Real De Juriquilla, Juriquilla, Real De Juriquilla, Queretaro, Queretaro",404,398,4,4,3,REAL DE JURIQUILLA
4750000,Cumbres Del Lago,300,245,4,5,3,CUMBRES DEL LAGO
4957000,Juriquilla,255,370,5,5,2,JURIQUILLA
6300000,Quintas Del Marques,185,251,4,3,2,QUINTAS DEL MARQUES
9500000,Residencial El Refugio,280,0,3,0,4,EL REFUGIO
4250000,Quintas Del Marques,500,520,3,5,3,QUINTAS DEL MARQUES
2800000,Juriquilla,162,210,3,4,2,JURIQUILLA
11000000,"Ojo De Agua 1552, El Refugio, 76146 El Refugio, Qro., Mexico, Residencial El Refugio",125,108,3,3,2,EL REFUGIO
13900000,Villas Del Meson,324,444,4,4,3,VILLAS DEL MESON
3927500,Lomas de Juriquilla,880,387,3,5,8,LOMAS DE JURIQUILLA
10300000,"Club De Raquet Hacienda El Salitre, Jurica",130,160,3,3,2,JURICA
6700000,Carretas,450,450,3,3,3,CARRETAS
3500000,"Real De Juriquilla, Queretaro, Queretaro",250,300,4,5,3,REAL DE JURIQUILLA
6350000,El Campanario,509,180,3,2,0,EL CAMPANARIO
3350000,El Campanario,300,300,4,3,4,EL CAMPANARIO
26580000,El Campanario,587,715,4,4,6,EL CAMPANARIO
12900000,Juriquilla,667,500,4,4,8,JURIQUILLA
13800000,El Campanario,380,480,3,3,3,EL CAMPANARIO
3150000,"Lomas De San Pedrito, Lomas De San Pedrito Peñuelas",225,254,5,3,1,SAN PEDRITO PEÑUELAS
3200000,"Juriquilla, Queretaro, Queretaro",195,163,3,2,3,JURIQUILLA
9650000,Paseos Del Pedregal,305,364,4,4,3,PASEOS DEL PEDREGAL
8200000,Paseos Del Pedregal,251,351,3,3,3,PASEOS DEL PEDREGAL
5350000,Centro Sur,180,295,4,3,3,CENTRO SUR
5300000,Arboledas,398,350,6,5,4,ARBOLEDAS
17000000,Club Campestre De Queretaro,808,507,4,4,9,CLUB CAMPESTRE
4700000,"El Refugio, Queretaro, Mexico, El Refugio Residencial",300,154,3,3,3,EL REFUGIO
3820210,"Av Cumbres De Juriquilla 1047, Juriquilla, Juriquilla",126,186,4,3,2,JURIQUILLA
2003000,Residencial El Refugio,180,160,3,4,2,EL REFUGIO
3180000,"Real De Juriquilla, Juriquilla, Real De Juriquilla, Queretaro, Queretaro",218,137,3,2,2,REAL DE JURIQUILLA
4550000,"Juriquilla, Queretaro, Queretaro",300,245,4,5,3,JURIQUILLA
3000000,"El Refugio, Residencial El Refugio",110,132,3,2,2,EL REFUGIO
3274000,Residencial El Refugio,135,182,3,4,2,EL REFUGIO
9500000,"Cumbres Del Lago, Queretaro, Queretaro",500,520,3,5,3,CUMBRES DEL LAGO
4450000,Fray Junipero Serra,250,250,4,4,2,FRAY JUNIPERO SERRA
5250000,"Queretaro, QueretaroVer informacion de la zona",257,220,3,3,2,QUERETARO
3255315,Casa Nueva En Venta En Lomas Del Campanario Norte,150,158,2,2,2,EL CAMPANARIO
2850000,Lomas de Juriquilla,108,142,3,3,2,LOMAS DE JURIQUILLA
11500000,Paseos Del Pedregal,345,0,4,4,3,PASEOS DEL PEDREGAL
6700000,Jurica,250,285,3,4,3,JURICA
18650000,Loma Dorada,564,469,2,3,4,LOMA DORADA
10500000,Jurica,408,391,4,4,2,JURICA
13900000,"Juriquilla, Juriquilla",800,400,4,1,0,JURIQUILLA
26500000,Juriquilla,725,0,4,4,4,JURIQUILLA
6100000,Cumbres Del Lago,480,310,3,4,3,CUMBRES DEL LAGO
4750000,Cumbres Del Lago,200,203,4,3,3,CUMBRES DEL LAGO
12500000,Cumbres Del Lago,393,500,3,3,4,CUMBRES DEL LAGO
3600000,Lomas de Juriquilla,175,225,3,4,2,LOMAS DE JURIQUILLA
6400000,Lomas de Juriquilla,422,395,4,4,3,LOMAS DE JURIQUILLA
4200000,San Francisco Juriquilla,307,290,3,4,3,SAN FRANCISCO JURIQUILLA
4750000,"Juriquilla, Queretaro, Queretaro",186,255,4,4,3,JURIQUILLA
5950000,"Juriquilla, Queretaro, Queretaro",250,350,4,5,3,JURIQUILLA
8800000,Paseos Del Pedregal,452,403,3,4,3,PASEOS DEL PEDREGAL
20500000,El Campanario,733,631,5,5,4,EL CAMPANARIO
10800000,El Campanario,317,359,4,5,3,EL CAMPANARIO
18500000,El Campanario,718,365,4,3,4,EL CAMPANARIO
19900000,El Campanario,714,521,3,4,4,EL CAMPANARIO
7500000,Milenio III,258,402,3,4,4,MILENIO III
6550000,Cumbres del Cimatario,301,451,3,5,4,CIMATARIO
5850000,Milenio III,210,380,3,3,3,MILENIO III
3316000,Lomas Del Marques,133,120,3,2,2,LOMAS DEL MARQUES
3100000,Residencial El Refugio,158,141,2,2,2,EL REFUGIO
14000000,Loma Dorada,334,730,4,5,4,LOMA DORADA
8610000,Fray Junipero Serra,323,280,3,4,3,FRAY JUNIPERO SERRA
3440000,"El Refugio, Residencial El Refugio",217,0,3,4,2,EL REFUGIO
13290000,Paseos Del Pedregal,350,480,4,4,3,PASEOS DEL PEDREGAL
22000000,Juriquilla,712,840,4,5,3,JURIQUILLA
6690000,"Venta Del Refugio 218, El Refugio, Residencial El Refugio",260,184,3,3,2,EL REFUGIO
2940000,"Juriquilla, Queretaro, Queretaro",126,132,3,2,2,JURIQUILLA
8350000,"Real De Juriquilla, Queretaro, Queretaro",300,450,4,4,4,REAL DE JURIQUILLA
10450000,Lomas del Campanario III,270,290,3,5,3,LOMAS DEL CAMPANARIO III
10500000,Juriquilla,251,334,4,5,3,JURIQUILLA
3800000,"Circuitos Altos Juriquilla 1122-28, Juriquilla",248.94,155.1,3,2,2,JURIQUILLA
8000000,"La Vista 9, La Vista Residencial",400,0,3,4,3,LA VISTA RESIDENCIAL
5800000,El Campanario,270,337,4,4,3,EL CAMPANARIO
9500000,El Campanario,280,300,3,3,3,EL CAMPANARIO
6000000,Milenio 3era Seccion,210,308,3,5,2,MILENIO III
10300000,El Campanario,310,294,3,3,3,EL CAMPANARIO
4750000,Milenio III,162,212,3,3,2,MILENIO III
3300000,"Juriquilla, Queretaro, Queretaro",151,203,3,2,3,JURIQUILLA
3070000,"Venta Casa En Zakia Zizana Queretaro, El Marques Queretano",122,122,3,2,2,EL MARQUES QUERETANO
4800000,"Real De Juriquilla, Queretaro, Queretaro",300,267,4,4,4,REAL DE JURIQUILLA
11400000,"Cumbres Del Lago, , Cumbres Del Lago, Queretaro, Queretaro",281,330,4,3,3,CUMBRES DEL LAGO
21800000,Residencial El Refugio,556,0,4,5,3,EL REFUGIO
8900000,El Campanario,300,380,4,6,3,EL CAMPANARIO
5900000,El Campanario,254,242,4,4,2,EL CAMPANARIO
9400000,El Campanario,285,316,4,4,3,EL CAMPANARIO
25900000,"Juriquilla, Queretaro, Queretaro",750,605,5,5,4,JURIQUILLA
8500000,El Campanario,290,305,3,3,3,EL CAMPANARIO
3650000,Milenio III,190,190,3,2,2,MILENIO III
12950000,El Campanario,316,359,5,4,6,EL CAMPANARIO
4900000,El Campanario,180,195,3,2,3,EL CAMPANARIO
12950000,Juriquilla,375,389,4,4,4,JURIQUILLA
5950000,Juriquilla,180,230,3,2,3,JURIQUILLA
4250000,Cumbres Del Lago,201,241,4,4,2,CUMBRES DEL LAGO
5000000,Cumbres Del Lago,251,251,4,4,4,CUMBRES DEL LAGO
4850000,Cumbres Del Lago,185,245,3,3,2,CUMBRES DEL LAGO
6200000,Cumbres Del Lago,290,303,4,4,3,CUMBRES DEL LAGO
4960000,Lomas de Juriquilla,323,290,4,4,3,LOMAS DE JURIQUILLA
6600000,Lomas de Juriquilla,310,420,3,4,3,LOMAS DE JURIQUILLA
1701770,"Barroco 9, Corregidora",90,90,3,2,2,CORREGIDORA
7450000,Juriquilla,434,376.25,3,3,0,JURIQUILLA
8999000,Juriquilla,468,400,5,4,0,JURIQUILLA
838600,"Prolongacion Hacienda La Venta 3, San Jose",156,156,3,2,2,SAN JOSE
4600000,"Cascada De Agua Azul 103, 76226 Juriquilla, Qro., Mexico, Real De Juriquilla, Queretaro, Queretaro",256,193,2,3,2,REAL DE JURIQUILLA
3100000,"Circuito Pizzarra 592, Otros, Queretaro, Queretaro",142.02,156,3,2,2,QUERETARO
1325200,"Fuente De Creta, Santa Ana, , Satelite",163,76,2,2,2,SATELITE
3365000,El Marques,108,155,3,2,2,EL MARQUES
1199000,"C. Literatura 1 - 300, Ex-Hacienda El Tintero",126,120,3,1,1,EX-HACIENDA EL TINTERO
1830000,"Paseo De Libero, Caletto",600,300,3,2,2,CALETTO
5625000,"Real De Juriquilla, Juriquilla, Qro., Mexico, Real De Juriquilla, Queretaro, Queretaro",300,325,3,4,3,REAL DE JURIQUILLA
1850000,"Circuito Pizarra 622, San Isidro Juriquilla, Queretaro, Queretaro",198,119,3,3,2,SAN ISIDRO JURIQUILLA
6635047,"Milenio Iii, , Queretaro, Mexico, Milenio III",620,440,4,4,3,MILENIO III
3300000,"Cerro De Pathe, Las Americas",107,204,3,2,1,LAS AMERICAS
987000,"Senda Del Rocio, Milenio III",140,183,3,3,2,MILENIO III
895000,"Senda Inmortal, Milenio III",230,250,3,3,2,MILENIO III
800000,"Marques De La Villa Del Villar Del Aguila 1961, Centro Sur",175,175,3,2,2,CENTRO SUR
3950000,Huertas La Joya,360,200,3,3,3,LA JOYA
850000,", Queretaro, Mexico, Santiago",360,360,4,4,3,SANTIAGO
1250000,"Rinconada Del Pedregal, Queretaro, Mexico, Rinconada Del Sol",123,123,3,1,2,RINCONADA DEL SOL
3800000,La Vista Residencial,145,151,3,3,2,LA VISTA RESIDENCIAL
7600000,"C. Maciso Tibesti 422, Santiago",240,343,4,4,0,SANTIAGO
600000,"Sierra Morena, Loma Ix, San Pedro Martir, Loma IX",110,170,3,2,0,SAN PEDRO MARTIR
616701,"Av. De La Cantera 2800-int 35, Ciudad del Sol",54,47,1,1,1,LA CANTERA
1730000,"Loma Linda, Queretaro, Mexico, Loma Linda, Queretaro, Queretaro",129,117,3,3,2,LOMA LINDA
845962,"Cda. Punta Mita 111, Juriquilla, Juriquilla",98,98,3,2,1,JURIQUILLA
849000,"Santa Monica 2da Seccion, Santa Monica 2a Secc.",192,192,3,2,2,SANTA MONICA 2A SECC
3300000,"Sisal, El Refugio Residencial",100,100,3,2,1,EL REFUGIO
709200,"Paseo Real 1 - 300, El Refugio Residencial",75,60,3,1,1,EL REFUGIO
900000,"Cerro Loreto, Colinas Del Cimatario",90,90,3,2,2,COLINAS DEL CIMATARIO
990000,Paseos De San Miguel,150,275,4,3,3,SAN MIGUEL
1250000,Milenio III,79,81,3,1,0,MILENIO III
3200000,"Granada 402, Los Sauces",150,170,3,2,0,LOS SAUCES
1320000,"Buena Vista, Vista 2000",130,145,3,2,1,VISTA 2000
893000,"Petra De Mallorca 43a, Bosques Del Acueducto",125,112,3,2,2,BOSQUES DEL ACUEDUCTO
2692579,"C. 3 144, Los Comerciantes",362,444,4,4,3,COMERCIANTES
500000,"Lago Yalahan 237, Juriquilla Santa Fe",280,130,3,2,1,SANTA FE
1412560,"Blvrd De Los Gobernadores 1002-int 1 - 300, Monte Blanco III Cond. III",205,310,4,3,2,MONTE BLANCO III
1302000,Campestre Huertas la Joya,180,210,3,2,2,LA JOYA
758342,"C. Fuerte De Coin 1 - 300, El Vergel",68,70,2,2,1,EL VERGEL
375262,"Queretaro, QueretaroVer informacion de la zona",75,90,1,1,1,QUERETARO
1350000,"Blvd. Hacienda La Gloria 1701-casa 1 - 300, Residencial Parque La Gloria",69,66,2,1,1,RESIDENCIAL PARQUE LA GLORIA
911920,"Portal De San Marcos 527, Villas De Santiago, , Villas De Santiago",158,103,4,3,1,VILLAS DE SANTIAGO
583275,"Cordillera De Los Andes 2156, Colinas Del Poniente, 76116 , Qro., Mexico, Santiago",120,152,3,2,1,COLINAS DEL PONIENTE
667000,"Avenida Equinoccio, Puerta Del Sol II",120,120,3,2,1,PUERTA DEL SOL II
1946320,"Marques De Cruillas 134, Lomas Del Marques, , Lomas Del Marques",160,144,4,3,1,LOMAS DEL MARQUES
670000,"Alamos 3ra Secc, , Alamos 3a Seccion",200,210,3,3,2,ALAMOS 3
2068802,"Lago De Chapala, Cumbres Del Lago",159,240,4,3,2,CUMBRES DEL LAGO
7500000,"Plaza San Sebastian, Las Plazas",269,269,5,5,3,SAN SEBASTIAN
870058,"Sinaloa 304, San Jose El Alto",180,170,3,2,2,SAN JOSE EL ALTO
1137000,"C. Yaquis 231, Santiago",400,820,1,4,3,SANTIAGO
3000000,"Av. De La Cantera 2500, , Lomas De Satelite",400,299,4,2,3,SATELITE
657580,"Tzeltales 241, Cerrito Colorado, , Cerrito Colorado",62,96,3,3,1,CERRITO COLORADO
1039000,"Cerro Del Abanico 72, Colinas Del Cimatario, , Colinas Del Cimatario",90,95,3,2,1,COLINAS DEL CIMATARIO
400000,"C. Maciso Tibesti 422, Mision De Carrillo, , Mision de Carrillo",65,60,2,1,1,MISION DE CARRILLO
2157130,Jurica Toliman,275,278,4,4,2,JURICA TOLIMAN
640000,"De Capulines 1 - 300, Jurica Pinar",98,110,3,3,2,JURICA PINAR
8900000,"Puebla 8, Obrera",811,364,4,3,0,OBRERA
4113600,"Paso De Los Toros, El Refugio, Residencial El Refugio",267,282,4,4,2,EL REFUGIO
1219702,"Cerro Chico 302, Santa Ana, , Queretaro, Mexico, Ex-Hacienda Santana",102,120,3,1,1,EX-HACIENDA SANTANA
1300000,"Barroco 9, Mision Mariana Ii, Candiles, Corregidora",75,75,2,1,1,CORREGIDORA
1759602,Mision De Conca,150,130,3,2,2,MISION DE CONCA
1702000,"Av. Agustin Gonzalez Medina 4890, , Eduardo Loarca Castillo",90,90,3,2,2,EDUARDO LOARCA CASTILLO
8499000,"Lago Yuriria 109, Cumbres Del Lago, Juriquilla, Cumbres Del Lago",300,442,4,5,0,JURIQUILLA
978000,"Mirador Del Cubilete 196, Lomas Del Mirador, Candiles, Candiles",100,120,3,2,2,EL MIRADOR
18950000,Juriquilla,2200,750,4,4,10,JURIQUILLA
42500000,El Campanario,1500,1,4,4,4,EL CAMPANARIO
42500000,El Campanario,1500,1,4,4,4,EL CAMPANARIO
3100000,Residencial El Refugio,1202,209,3,3,5,EL REFUGIO
4550000,"Fraccionamiento Real Del Marques, Real del Marques Residencial",1000,600,3,4,5,REAL DEL MARQUES RESIDENCIAL
38000000,El Campanario,1250,759,4,4,4,EL CAMPANARIO
30000000,"Circuito Pizarra 622, San Isidro Juriquilla, Queretaro, Queretaro",1275,827,4,4,3,SAN ISIDRO JURIQUILLA
19000000,", Centro",80000,1,3,2,15,CENTRO
21760000,"Av Campanario, El Campanario",1360,480,4,4,0,EL CAMPANARIO
31980000,Juriquilla,1137,900,4,6,6,JURIQUILLA
5950000,Residencial El Refugio,1250,600,3,3,11,EL REFUGIO
14500000,Juriquilla,2200,600,4,6,0,JURIQUILLA
35000000,"Av Sta Catarina, Juriquilla",1113,790,6,8,8,JURIQUILLA
9300000,"Cumbres Del Lago, Cumbres Del Lago, Queretaro, Queretaro",1000,350,3,3,0,CUMBRES DEL LAGO
28600000,"Juan Rulfo 1851, Sonterra Residencial, Queretaro, Queretaro",1250,650,4,6,6,SONTERRA
8900000,Corregidora,1000,320,3,3,4,CORREGIDORA
13500000,"Orion, Santa Maria Magdalena",1000,346,3,4,0,SANTA MARIA MAGDALENA
24900000,"Ansar 1200 - 1500, Residencial El Refugio",1000,675,4,6,6,EL REFUGIO
638927,"Villa De San Gabriel 104, Santiago",1250,350,4,4,10,SANTIAGO
12650000,Juriquilla,1000,850,4,4,4,JURIQUILLA
31700000,"Palma Datilera 106, El Salitre",1230,0,3,4,4,EL SALITRE
23800000,"Jurica San Francisco, San Francisco Juriquilla",1125,0,3,4,3,SAN FRANCISCO JURIQUILLA
21760000,El Campanario,1360,442,4,4,4,EL CAMPANARIO
29900000,El Campanario,1250,759,4,4,6,EL CAMPANARIO
18900000,"Juriquilla, Queretaro, Queretaro",2131,948,5,5,7,JURIQUILLA
9200000,Villas Del Meson,1000,350,3,3,4,VILLAS DEL MESON
15000000,"Real De Juriquilla, Queretaro, Queretaro",1170,800,4,5,5,REAL DE JURIQUILLA
761000,Cimatario,1000,250,3,3,7,CIMATARIO
9900000,"Villas Del Meson, Juriquilla, Queretaro, Mexico, Juriquilla",1000,450,3,3,2,VILLAS DEL MESON
5000000,Felipe Carrillo Puerto,1056,453,3,3,1,FELIPE CARRILLO PUERTO
12000000,Cumbres Del Lago,1000,420,3,5,6,CUMBRES DEL LAGO
21500000,Juriquilla,1250,948.36,4,5,4,JURIQUILLA
12780000,El Campanario,1001,501,3,5,8,EL CAMPANARIO
10800000,Juriquilla,1000,525,4,3,6,JURIQUILLA
29900000,El Campanario,1253,762,4,4,6,EL CAMPANARIO
9980000,Juriquilla Santa Fe,1500,850,5,6,5,SANTA FE
59900000,"Avenida Senda Magica, Milenio III",1281,1870,4,4,3,MILENIO III
59900000,Milenio III,1281,1870,4,4,3,MILENIO III
5700000,Fray Junipero Serra,32437,32437,3,3,4,FRAY JUNIPERO SERRA
30000000,"Juriquilla, Queretaro, Queretaro",2500,2300,4,9,10,JURIQUILLA
42800000,Villas Del Meson,2542,1200,4,4,8,VILLAS DEL MESON
